,FIPS,Crime prevelance,Socioeconomic Status,Household Characteristics,Racial & Ethnic Minority Status,Housing Type & Transportation,EP_AFAM,EP_HISP,EP_ASIAN,EP_AIAN,Binge Drinking,Smoking,Depression,Physical Inactivity,Sleep<7hours
0,17031010100,15860,0.7682,0.5587,0.7116,0.9007,35.0,15.2,2.0,0.0,13.8,16.4,15.6,26.2,37.5
1,17031010201,12576,0.7892,0.7107,0.797,0.9933,33.7,23.4,5.4,0.1,13.9,20.5,16.3,32.2,38.7
2,17031010202,14869,0.9296,0.615,0.8031,0.9987,32.5,26.3,6.3,0.0,13.4,19.1,15.7,31.6,37.3
3,17031010300,11975,0.7829,0.2771,0.6756,0.9681,29.2,15.0,2.4,0.1,14.2,14.5,14.7,25.3,34.1
4,17031010400,8040,0.6724,0.1049,0.5145,0.9588,18.6,7.9,4.4,0.0,16.6,11.9,17.7,20.3,32.1
5,17031010501,7234,0.66,0.1186,0.677,0.8008,33.9,7.7,6.3,0.0,15.4,12.6,14.8,21.5,34.0
6,17031010502,4772,0.6957,0.1066,0.6587,0.9537,21.3,15.7,8.5,0.0,16.7,14.8,16.9,22.3,34.8
7,17031010503,3435,0.7196,0.8055,0.5053,0.9083,11.8,3.9,10.3,0.0,12.7,16.8,17.7,32.8,33.6
8,17031010600,12753,0.5658,0.0243,0.6417,0.9018,20.9,14.5,4.6,0.0,15.9,14.8,16.0,23.2,34.5
9,17031010701,4595,0.8129,0.5613,0.7228,0.6729,22.5,26.1,7.6,0.0,15.3,13.5,14.6,23.7,34.0
10,17031010702,10793,0.9023,0.6143,0.8202,0.9501,33.4,32.0,6.3,0.0,15.8,16.1,15.4,27.4,35.9
11,17031020100,6198,0.8595,0.2916,0.8235,0.8717,36.3,25.1,4.8,0.0,13.2,15.2,14.3,27.2,35.4
12,17031020200,6179,0.6053,0.5239,0.7294,0.6401,8.0,26.9,16.7,0.0,12.8,12.3,14.0,23.7,31.7
13,17031020301,2756,0.7275,0.9284,0.3724,0.7796,2.3,5.6,10.4,0.2,11.5,10.7,14.1,24.4,28.3
14,17031020302,5783,0.3504,0.7005,0.5042,0.8344,4.5,11.4,11.5,0.0,13.5,11.6,14.2,22.8,31.0
15,17031020400,5391,0.7498,0.145,0.766,0.8973,22.1,28.3,9.6,0.0,13.7,13.3,14.3,24.3,33.0
16,17031020500,10164,0.9928,0.7839,0.8935,0.9396,14.6,24.9,43.0,0.0,11.7,20.3,15.1,35.7,37.2
17,17031020601,7312,0.8365,0.8639,0.5369,0.8298,6.6,4.3,17.3,1.0,12.5,19.7,16.6,32.6,35.1
18,17031020602,7180,0.5655,0.4892,0.7021,0.7464,11.5,20.7,19.9,0.0,12.1,15.6,14.2,29.8,34.2
19,17031020701,4344,0.609,0.3842,0.5019,0.1861,5.8,13.2,9.8,0.0,12.6,11.5,13.4,22.7,30.6
20,17031020702,9427,0.8242,0.8244,0.7137,0.9118,6.1,28.0,20.9,0.0,12.2,18.0,15.0,31.9,35.0
21,17031020801,6944,0.724,0.2917,0.7409,0.7676,11.6,24.2,16.3,0.0,13.7,15.5,14.9,27.8,33.6
22,17031020802,11050,0.9765,0.8333,0.8143,0.7121,7.9,16.5,33.6,2.7,11.7,20.3,14.8,35.8,37.3
23,17031020901,8792,0.8819,0.4255,0.8282,0.8443,20.3,22.8,27.8,0.0,13.1,18.6,15.1,32.2,37.2
24,17031020902,4603,0.8871,0.9369,0.7551,0.9972,17.8,17.2,26.3,0.0,12.3,20.1,15.7,33.6,36.5
25,17031030101,4230,0.8762,0.3495,0.7593,0.9382,26.4,16.1,18.3,0.0,13.5,14.0,14.4,25.2,33.9
26,17031030102,3948,0.7905,0.3311,0.7267,0.9388,15.1,11.7,25.9,0.0,15.2,11.9,14.6,20.5,33.0
27,17031030103,2327,0.5251,0.0189,0.6636,0.7853,23.0,10.4,13.7,0.4,17.8,10.8,15.6,18.3,32.2
28,17031030104,2113,0.7943,0.1544,0.6223,0.975,8.6,8.5,25.5,0.3,16.2,11.8,17.8,22.3,32.0
29,17031030200,10415,0.4822,0.0068,0.5156,0.7044,4.0,22.1,3.2,0.0,17.1,10.9,15.1,17.4,30.7
30,17031030300,3539,0.8388,0.3939,0.7587,0.6561,17.6,28.0,13.7,0.5,13.8,15.2,14.6,28.9,33.8
31,17031030400,3147,0.6192,0.0815,0.6507,0.6283,3.7,33.1,3.4,0.9,15.1,11.5,14.5,21.6,31.0
32,17031030500,9619,0.2675,0.0986,0.5743,0.7695,5.1,19.8,6.8,0.0,18.0,10.8,14.6,17.7,30.6
33,17031030601,4872,0.7819,0.5621,0.7556,0.9785,24.1,12.1,22.3,0.0,13.1,17.3,15.3,29.1,35.1
34,17031030603,4639,0.7144,0.1512,0.7021,0.7225,21.4,17.5,11.8,0.0,16.8,13.9,14.6,21.8,35.1
35,17031030604,3377,0.4999,0.2899,0.6661,0.8607,21.3,7.1,16.2,0.0,13.7,11.3,13.4,21.5,32.5
36,17031030701,2483,0.7772,0.1772,0.7209,0.9639,32.9,8.4,14.1,0.0,16.3,15.4,15.4,23.6,35.1
37,17031030702,910,0.6545,0.4999,0.6531,0.7389,1.2,10.5,32.8,0.0,13.7,9.2,12.6,18.7,30.1
38,17031030703,4910,0.756,0.7139,0.6148,0.6794,14.9,20.8,4.8,0.0,13.3,14.2,14.8,25.4,32.9
39,17031030706,3993,0.6735,0.6163,0.6337,0.6878,20.0,4.2,18.6,0.0,12.6,9.6,12.6,21.7,29.5
40,17031030800,7657,0.2878,0.1411,0.5019,0.6463,4.6,15.1,9.6,0.0,17.5,8.8,14.0,15.1,28.8
41,17031030900,4762,0.3987,0.056,0.4984,0.56,6.2,10.6,9.8,0.0,17.0,10.0,14.5,17.4,29.8
42,17031031000,4619,0.4872,0.0287,0.5644,0.7445,1.5,26.5,5.6,0.0,17.8,10.6,15.3,17.6,30.2
43,17031031100,6375,0.4104,0.0789,0.4553,0.8042,4.4,9.0,8.7,0.0,17.0,10.6,14.7,18.1,30.5
44,17031031200,14681,0.8217,0.3937,0.7998,0.9985,31.8,21.8,14.2,0.1,12.5,19.7,14.5,32.6,37.2
45,17031031300,8188,0.6588,0.5531,0.6908,0.9571,16.2,10.7,22.1,0.2,12.8,14.8,14.1,27.3,34.1
46,17031031400,9647,0.2827,0.0432,0.5007,0.8532,5.6,10.3,12.3,0.0,15.7,8.1,14.2,16.0,28.2
47,17031031501,6411,0.9032,0.849,0.7847,0.9758,32.1,16.5,17.3,0.0,12.3,17.8,14.5,31.7,36.3
48,17031031502,8122,0.8607,0.5268,0.7709,0.9199,36.1,22.7,3.2,0.0,14.2,18.4,15.7,29.2,37.9
49,17031031700,13128,0.4068,0.0265,0.5312,0.8347,17.5,7.9,3.3,3.3,17.0,14.3,15.7,21.4,34.3
50,17031031800,2875,0.2592,0.0264,0.5752,0.8705,4.0,13.7,13.8,0.0,19.1,8.4,14.7,14.2,28.9
51,17031031900,3254,0.3614,0.0429,0.4553,0.7544,10.6,7.6,6.1,0.0,18.3,10.8,16.1,16.3,30.4
52,17031032100,12923,0.6324,0.2027,0.5491,0.9949,8.7,20.2,4.1,0.0,17.8,11.7,15.6,18.9,31.5
53,17031040100,6684,0.2563,0.054,0.5252,0.817,4.4,23.0,2.9,0.4,16.4,10.8,14.7,18.8,30.4
54,17031040201,9770,0.395,0.0495,0.5408,0.6115,1.3,21.7,8.4,0.0,17.4,10.4,15.1,17.7,29.9
55,17031040202,9171,0.9396,0.618,0.7539,0.9383,4.1,26.2,16.4,0.0,13.8,15.0,14.9,26.4,33.4
56,17031040300,4753,0.7052,0.5738,0.6458,0.6945,1.8,11.2,31.6,0.0,13.8,11.6,13.8,22.2,30.7
57,17031040401,2980,0.1986,0.1176,0.5587,0.1948,3.5,21.9,7.2,0.0,17.8,8.6,14.4,15.0,28.5
58,17031040402,6855,0.2549,0.0266,0.3693,0.5425,1.2,11.2,4.4,0.0,19.4,8.3,15.0,13.6,28.9
59,17031040600,4324,0.2922,0.0195,0.4628,0.7126,9.4,12.6,0.7,0.0,19.2,7.5,14.9,12.7,27.8
60,17031040700,3562,0.297,0.0459,0.3623,0.4337,1.9,9.0,6.0,0.0,18.6,10.0,15.4,15.6,29.6
61,17031040800,1892,0.1588,0.0421,0.4527,0.6685,2.7,15.5,1.9,0.0,17.7,10.1,15.1,16.3,29.6
62,17031040900,3376,0.3452,0.0363,0.3134,0.7758,1.8,6.1,4.5,0.0,19.2,8.0,15.4,13.2,28.2
63,17031050100,2400,0.0729,0.0216,0.3357,0.2878,3.0,5.9,4.6,1.3,19.9,8.2,15.5,12.9,28.0
64,17031050200,6118,0.1579,0.5181,0.454,0.3834,3.2,14.4,4.0,0.0,17.1,9.8,15.1,16.7,29.0
65,17031050300,2217,0.1047,0.2221,0.556,0.4402,0.2,15.6,12.8,0.0,17.5,9.7,15.0,16.2,29.3
66,17031050500,5836,0.0235,0.0293,0.3234,0.5808,0.1,3.7,8.2,0.0,18.5,7.9,15.0,13.2,27.8
67,17031050600,3288,0.0536,0.008,0.1268,0.6685,0.0,4.1,1.5,0.0,20.5,7.8,15.5,12.2,28.1
68,17031050700,1328,0.0071,0.0063,0.1583,0.4703,0.0,4.9,2.2,0.0,20.4,8.1,15.5,12.2,28.2
69,17031050800,1313,0.0333,0.0734,0.5133,0.2633,3.5,20.1,4.4,0.1,19.9,8.8,15.4,13.3,29.0
70,17031050900,2073,0.1582,0.0808,0.4984,0.1843,1.7,17.7,6.8,0.0,18.9,10.6,16.1,16.2,29.8
71,17031051000,3088,0.0549,0.3754,0.5293,0.201,4.3,21.5,6.8,0.0,20.6,9.1,15.7,13.5,28.8
72,17031051100,1720,0.1329,0.1384,0.4948,0.2108,1.5,16.2,5.6,0.0,20.6,10.5,16.4,14.5,29.6
73,17031051200,1557,0.0736,0.0224,0.3374,0.4612,4.1,6.6,3.9,0.0,21.4,7.6,15.6,11.5,27.8
74,17031051300,2404,0.0362,0.1003,0.4855,0.1179,6.3,15.0,2.1,0.0,20.1,7.2,14.8,11.7,27.8
75,17031051400,6257,0.1038,0.169,0.5252,0.2744,7.1,12.8,10.7,0.0,18.6,10.3,15.3,16.2,30.4
76,17031060100,3020,0.147,0.1763,0.4577,0.5039,3.6,7.7,9.5,0.0,20.1,8.5,15.6,13.0,28.3
77,17031060200,3601,0.1666,0.0186,0.3864,0.8149,1.9,13.3,3.2,0.0,18.9,9.7,15.8,15.5,29.2
78,17031060300,2851,0.0129,0.0103,0.4808,0.326,0.4,17.7,8.8,0.0,20.9,7.8,15.5,12.1,27.8
79,17031060400,3884,0.1385,0.0346,0.2857,0.4787,0.7,10.4,3.6,0.0,21.6,7.9,15.8,11.8,28.1
80,17031060500,1766,0.5526,0.9328,0.4808,0.8738,2.8,10.2,15.0,0.0,14.2,13.4,15.6,25.4,29.6
81,17031060800,3563,0.1992,0.0959,0.5252,0.6093,5.0,10.8,13.3,0.0,18.6,6.9,14.3,12.7,27.8
82,17031060900,8613,0.295,0.0458,0.3549,0.5671,2.6,10.0,5.2,0.0,18.2,8.4,14.8,14.5,28.8
83,17031061000,5390,0.3121,0.0103,0.4564,0.531,1.9,12.9,3.7,0.0,22.7,7.7,16.3,11.4,27.6
84,17031061100,5382,0.0902,0.0011,0.3328,0.5068,4.0,10.2,3.7,0.0,24.1,6.5,15.6,9.8,26.4
85,17031061200,2450,0.1013,0.0241,0.4476,0.3346,1.6,14.1,5.4,0.0,22.6,7.2,16.2,11.0,27.2
86,17031061500,1703,0.0734,0.0015,0.3387,0.352,3.7,6.3,3.9,0.0,22.2,6.6,16.3,10.6,26.8
87,17031061800,2308,0.4499,0.0023,0.5229,0.9537,2.5,13.8,12.6,0.0,19.8,8.8,16.0,13.8,29.4
88,17031061901,2853,0.4459,0.0869,0.5207,0.7235,6.6,11.4,13.0,0.0,18.7,8.2,15.2,13.9,28.4
89,17031061902,2984,0.5409,0.0604,0.4038,0.3699,6.1,5.4,9.6,0.4,17.0,8.8,15.0,15.5,28.4
90,17031062000,7222,0.1243,0.0019,0.3422,0.5379,3.2,5.9,4.3,0.0,21.8,6.5,15.2,10.3,27.2
91,17031062100,12295,0.2901,0.0118,0.3508,0.5323,2.8,7.0,7.9,0.0,21.3,7.9,16.1,12.5,27.9
92,17031062200,5224,0.0671,0.0068,0.3609,0.7264,0.7,15.9,3.1,0.0,22.4,7.6,16.2,11.0,27.7
93,17031062300,1686,0.0266,0.0171,0.3905,0.1912,2.1,4.9,8.2,0.0,22.9,7.0,15.5,10.3,27.3
94,17031062400,2146,0.2158,0.0453,0.2705,0.5304,6.4,4.7,0.9,0.0,21.6,8.2,15.9,12.1,27.6
95,17031062500,3063,0.2717,0.0237,0.408,0.307,1.7,12.6,9.4,0.0,20.6,8.2,15.4,12.4,28.7
96,17031062600,2985,0.007,0.0625,0.4242,0.2393,1.6,6.3,12.3,0.0,20.8,7.0,14.8,10.8,27.8
97,17031062700,4653,0.081,0.0255,0.3066,0.6482,1.0,8.1,2.5,0.4,21.3,7.8,15.5,12.2,27.5
98,17031062800,3951,0.027,0.0177,0.2593,0.1981,1.4,6.1,4.4,0.4,22.3,6.9,15.4,10.6,27.2
99,17031062900,5893,0.2779,0.0086,0.3892,0.4271,3.4,4.7,6.5,0.0,22.3,7.1,16.1,10.9,27.3
100,17031063000,12333,0.1539,0.0062,0.4489,0.7814,4.0,7.0,8.3,0.0,21.8,7.0,15.5,11.2,27.4
101,17031063100,4201,0.121,0.002,0.2857,0.4463,0.0,4.9,5.2,0.0,21.7,7.3,15.7,11.1,27.8
102,17031063200,5325,0.2176,0.0228,0.3435,0.8761,4.2,6.4,6.1,0.0,17.3,7.2,14.8,14.1,27.2
103,17031063301,2086,0.2464,0.072,0.5207,0.3774,9.5,13.5,5.8,0.0,17.8,7.4,15.8,14.0,27.8
104,17031063302,2257,0.1408,0.015,0.4162,0.7084,3.1,10.4,8.7,0.0,19.3,6.2,15.1,11.6,26.6
105,17031063303,1642,0.2096,0.4183,0.315,0.6267,0.0,2.4,14.5,0.0,11.7,6.3,12.5,17.7,25.0
106,17031063400,6215,0.1501,0.0078,0.3564,0.3304,4.1,5.1,8.0,0.0,21.9,6.7,15.8,10.6,27.4
107,17031070101,5907,0.4233,0.1037,0.2988,0.6121,0.4,8.0,3.1,0.3,16.3,7.4,15.3,14.6,27.0
108,17031070102,3830,0.1307,0.0083,0.4134,0.8574,4.9,13.5,4.2,0.0,20.5,6.7,15.1,11.6,27.1
109,17031070103,2104,0.2145,0.0062,0.4254,0.6463,1.8,9.2,11.8,0.0,20.4,7.2,16.3,12.0,27.8
110,17031070200,7371,0.1652,0.012,0.4003,0.9072,3.9,8.9,6.3,0.0,20.2,7.3,15.6,12.6,27.4
111,17031070300,8510,0.0607,0.003,0.2656,0.422,0.6,5.6,4.7,0.0,22.5,6.4,15.7,10.2,26.5
112,17031070400,4527,0.0991,0.0408,0.2759,0.4295,3.9,2.7,6.1,0.0,18.6,10.0,16.2,16.2,28.4
113,17031070500,3004,0.1891,0.0307,0.3115,0.8918,6.7,5.0,3.4,0.0,19.2,7.9,14.7,14.1,26.8
114,17031070600,3552,0.0205,0.0432,0.2137,0.2751,0.3,4.6,5.9,0.0,19.9,6.9,14.9,11.3,27.2
115,17031070700,10126,0.03,0.0643,0.5438,0.6492,8.5,10.7,12.5,0.0,19.3,10.0,15.5,15.2,29.7
116,17031071000,5030,0.1137,0.0023,0.3709,0.8155,6.3,5.4,7.4,0.0,21.3,7.7,18.1,13.0,27.7
117,17031071100,6924,0.0897,0.013,0.4309,0.7508,1.3,8.0,11.7,0.0,20.1,6.5,16.7,11.8,26.0
118,17031071200,7182,0.1217,0.0445,0.3197,0.3332,5.3,7.0,2.6,0.0,18.5,8.0,15.6,14.1,27.4
119,17031071300,4476,0.2063,0.0571,0.4134,0.7378,0.7,5.7,15.3,0.0,19.5,6.5,15.5,11.4,26.6
120,17031071400,7517,0.1408,0.0201,0.3265,0.8621,4.9,4.4,5.8,0.0,17.7,7.9,15.5,14.0,27.8
121,17031071500,11735,0.1628,0.0094,0.2705,0.7606,3.2,2.3,7.0,0.0,19.1,6.5,15.3,11.3,26.9
122,17031071600,1482,0.0639,0.0867,0.4254,0.2278,7.7,3.8,10.1,0.0,17.5,8.2,15.1,14.1,28.0
123,17031071700,2431,0.0401,0.0754,0.4384,0.6412,9.6,5.1,10.0,0.0,17.8,8.0,14.9,13.4,28.5
124,17031071800,3786,0.0316,0.1128,0.4923,0.3564,6.8,8.2,14.3,0.0,17.5,8.2,14.9,13.7,29.0
125,17031080100,3594,0.1168,0.0349,0.3328,0.3651,2.2,2.1,8.8,0.0,14.1,6.8,14.1,14.9,25.9
126,17031080201,2738,0.0701,0.0275,0.2794,0.6248,4.0,4.2,6.3,0.0,14.7,6.6,14.1,13.7,26.0
127,17031080202,9610,0.0618,0.0417,0.3181,0.3712,2.7,10.8,4.0,0.0,16.3,7.5,15.3,13.8,27.2
128,17031080300,8388,0.0326,0.0091,0.3464,0.7227,1.0,3.5,13.1,0.0,20.5,7.1,14.9,11.2,28.0
129,17031080400,13779,0.4497,0.2996,0.8076,0.8203,49.5,4.6,8.2,0.0,14.7,15.6,16.7,24.5,37.5
130,17031081000,11906,0.4054,0.0465,0.5605,0.953,13.1,9.1,13.6,0.0,16.2,9.7,15.7,18.6,29.3
131,17031081100,6923,0.3132,0.0188,0.4923,0.7692,7.5,7.9,10.7,0.0,17.3,8.2,15.2,14.7,29.1
132,17031081201,24901,0.1102,0.0516,0.378,0.9271,2.7,6.7,11.6,0.0,15.6,6.1,14.6,13.6,25.9
133,17031081202,5189,0.0336,0.1187,0.1912,0.4896,2.1,1.5,3.8,0.0,12.7,6.4,13.5,15.3,25.3
134,17031081300,7250,0.2385,0.1844,0.4149,0.5469,5.2,4.0,13.0,0.0,12.3,6.8,13.2,16.5,26.2
135,17031081401,13021,0.2405,0.0646,0.3609,0.8866,2.2,3.6,12.3,0.0,13.2,6.5,13.1,16.0,26.6
136,17031081402,6380,0.2028,0.0688,0.5664,0.6499,3.1,6.7,23.4,0.0,15.7,7.1,13.6,14.2,28.1
137,17031081403,19420,0.1299,0.0031,0.614,0.6304,1.9,5.4,32.4,0.0,16.9,7.1,13.9,13.5,28.6
138,17031081500,21806,0.0774,0.0265,0.5722,0.8338,2.2,9.9,25.9,0.0,17.5,6.9,13.9,12.8,27.7
139,17031081600,13841,0.1476,0.007,0.4336,0.788,1.8,3.6,16.4,0.0,19.4,6.7,14.2,11.8,27.7
140,17031081700,23247,0.1427,0.0084,0.445,0.5338,3.7,7.7,13.0,0.0,19.0,6.2,13.8,11.8,28.2
141,17031081800,26505,0.0261,0.0014,0.4678,0.6952,1.7,8.4,12.4,0.0,20.8,6.8,14.8,10.7,27.9
142,17031081900,7895,0.2373,0.0315,0.5293,0.4492,27.4,1.5,4.8,0.0,14.6,11.6,14.2,20.2,34.2
143,17031090100,1798,0.119,0.2598,0.3988,0.0566,0.9,11.2,4.3,0.0,14.6,11.4,15.3,20.2,29.1
144,17031090200,4560,0.051,0.0831,0.2825,0.2827,0.2,10.1,2.0,0.0,16.4,10.3,15.2,17.3,28.6
145,17031090300,958,0.0206,0.0554,0.212,0.1003,0.0,5.6,0.5,0.0,15.4,10.3,14.8,17.7,28.4
146,17031100100,5437,0.4452,0.333,0.3342,0.3428,0.0,16.0,2.1,0.0,15.3,12.9,15.6,21.8,30.4
147,17031100200,6002,0.1738,0.4328,0.4384,0.8652,2.5,17.0,4.1,0.2,14.9,13.1,15.7,22.2,30.0
148,17031100300,4299,0.1691,0.578,0.2841,0.8074,0.6,8.1,3.2,0.3,12.3,11.1,14.3,24.2,28.4
149,17031100400,1922,0.1119,0.6283,0.4336,0.2199,0.1,15.0,9.2,0.0,15.0,11.9,15.4,20.1,29.6
150,17031100500,5399,0.1426,0.8618,0.3988,0.4098,0.0,10.4,4.7,0.0,14.5,12.2,15.4,21.1,29.7
151,17031100600,6807,0.4166,0.7861,0.5469,0.2677,0.7,29.5,4.2,0.0,14.8,13.3,15.4,22.8,30.7
152,17031100700,2632,0.4915,0.2314,0.3667,0.2259,0.2,14.7,5.4,0.0,13.8,11.2,14.3,21.8,29.0
153,17031110100,5316,0.3669,0.1117,0.609,0.3097,1.2,22.7,15.1,0.0,14.9,14.4,16.0,23.7,31.8
154,17031110200,4038,0.6056,0.5599,0.5806,0.8724,6.4,24.0,8.5,0.0,14.8,11.9,14.9,21.9,30.1
155,17031110300,4244,0.3746,0.6771,0.5713,0.1383,0.2,26.8,8.6,0.0,14.4,14.2,15.7,24.5,31.4
156,17031110400,5186,0.549,0.2327,0.6063,0.7338,1.2,24.1,9.4,0.0,15.2,12.6,15.2,22.1,30.5
157,17031110501,4553,0.3762,0.2718,0.6661,0.328,5.2,24.7,16.4,0.0,14.8,12.9,14.8,23.0,31.1
158,17031110502,7238,0.4966,0.4231,0.5864,0.3877,3.3,23.5,9.2,0.8,15.1,13.8,15.5,23.4,31.7
159,17031120100,2062,0.2412,0.2211,0.3134,0.1758,0.3,12.5,3.3,0.0,14.5,9.2,14.0,17.2,27.7
160,17031120200,3454,0.1153,0.5616,0.4068,0.1301,1.4,8.8,12.3,0.0,13.7,9.7,14.2,18.6,28.1
161,17031120300,4398,0.1738,0.6389,0.4003,0.181,0.1,10.3,9.2,0.0,13.3,9.1,13.4,18.6,28.2
162,17031120400,3905,0.6054,0.2438,0.636,0.1175,0.7,24.6,17.7,0.0,14.3,12.4,14.5,22.9,31.2
163,17031130100,7058,0.66,0.8976,0.5653,0.9305,1.3,8.9,25.2,0.1,8.9,10.7,12.4,28.4,28.8
164,17031130200,3380,0.1749,0.6713,0.6846,0.2448,0.9,28.5,14.6,0.0,13.7,9.7,13.4,19.8,29.0
165,17031130300,5860,0.8034,0.5001,0.7539,0.5694,4.2,22.8,32.3,0.0,12.7,15.0,14.1,28.1,33.5
166,17031140100,4607,0.9279,0.3666,0.7627,0.6661,12.8,38.7,9.1,0.0,16.2,14.5,14.7,26.6,33.8
167,17031140200,9164,0.7788,0.3747,0.7857,0.9614,5.8,45.6,15.7,0.0,15.2,14.5,16.0,28.9,33.2
168,17031140301,4216,0.93,0.6038,0.9084,0.6393,3.9,63.0,22.3,0.0,13.6,16.5,13.8,33.0,35.1
169,17031140302,4570,0.576,0.6084,0.7029,0.8817,4.6,34.4,8.8,0.0,13.4,12.2,13.0,26.9,32.0
170,17031140400,7974,0.6234,0.634,0.6798,0.3381,1.7,31.5,15.5,0.0,13.9,12.6,13.8,25.0,31.7
171,17031140500,5823,0.6666,0.5492,0.7823,0.4382,2.6,40.5,19.4,0.0,15.7,12.1,13.9,24.3,31.8
172,17031140601,3321,0.9287,0.6688,0.8276,0.453,14.6,43.7,16.6,0.0,13.8,15.4,14.5,32.7,34.2
173,17031140602,7690,0.9322,0.6932,0.8539,0.6046,10.1,60.1,7.2,0.0,15.2,14.8,14.6,29.3,34.1
174,17031140701,4829,0.7582,0.1931,0.8479,0.6564,4.5,54.5,18.5,0.0,16.5,13.4,13.9,25.8,33.2
175,17031140702,9703,0.9035,0.7221,0.826,0.7944,2.3,62.7,7.3,0.0,15.8,15.0,15.0,29.6,33.6
176,17031140800,7452,0.7428,0.1002,0.636,0.5683,0.5,35.4,6.8,0.0,16.4,11.8,14.3,21.8,31.0
177,17031150200,12379,0.7519,0.2371,0.6297,0.7789,1.0,30.9,7.0,0.3,15.4,14.6,16.1,24.5,32.3
178,17031150300,10609,0.462,0.3567,0.5771,0.551,1.8,28.5,4.7,0.0,15.8,12.3,15.4,21.6,30.3
179,17031150401,5621,0.4727,0.8291,0.6097,0.3314,1.3,28.1,9.3,1.0,15.5,12.8,15.4,22.7,30.8
180,17031150402,4687,0.4822,0.6169,0.6044,0.3642,4.5,33.6,2.7,0.0,15.9,12.7,15.1,22.5,31.1
181,17031150501,3055,0.2411,0.3601,0.6272,0.5347,0.2,26.2,9.7,0.0,15.3,12.6,15.3,22.4,30.5
182,17031150502,4713,0.5035,0.6822,0.5874,0.7734,2.4,27.7,9.0,0.0,15.0,13.8,15.7,24.3,31.8
183,17031150600,5636,0.5205,0.4632,0.7157,0.2882,2.0,42.9,9.5,0.8,16.4,12.8,15.3,22.9,31.3
184,17031150700,5610,0.6046,0.9326,0.7313,0.3793,2.2,47.2,7.3,0.0,15.5,13.0,15.2,24.3,31.4
185,17031150800,7931,0.7909,0.145,0.7539,0.3082,2.2,53.5,1.3,0.0,15.9,14.1,15.4,26.3,32.2
186,17031151001,4864,0.7087,0.443,0.8153,0.32,1.1,66.2,5.6,0.0,15.4,12.9,14.8,27.0,32.0
187,17031151002,9123,0.8209,0.5848,0.8385,0.779,1.7,72.1,1.4,0.0,15.4,16.1,15.9,30.3,33.5
188,17031151100,8710,0.761,0.5625,0.7816,0.5136,1.1,60.2,5.4,0.0,14.8,15.5,16.0,28.5,32.7
189,17031151200,7437,0.6692,0.3134,0.6948,0.4368,0.6,46.2,5.4,0.0,14.9,13.9,15.1,25.9,31.6
190,17031160100,3266,0.6458,0.8394,0.6572,0.6319,0.0,24.8,16.5,0.6,15.0,13.4,15.2,23.6,31.8
191,17031160200,4790,0.2926,0.3467,0.5752,0.5407,2.0,18.4,11.9,0.0,16.2,10.8,14.6,19.3,30.2
192,17031160300,5550,0.5613,0.2563,0.594,0.8792,6.6,13.8,14.7,0.9,16.5,12.0,14.7,20.2,31.4
193,17031160400,7172,0.7633,0.2959,0.6417,0.8692,2.5,30.0,9.5,0.0,16.3,13.2,14.9,23.5,32.0
194,17031160501,5830,0.829,0.354,0.8338,0.6821,5.1,55.4,14.8,0.0,15.1,13.5,14.4,28.0,32.8
195,17031160502,4821,0.7309,0.4216,0.8133,0.4882,1.3,62.4,7.5,0.0,15.7,15.8,15.5,29.0,33.8
196,17031160601,4456,0.4942,0.3041,0.6272,0.7941,2.5,34.3,3.9,0.0,17.0,12.2,15.2,21.9,31.7
197,17031160602,4369,0.5648,0.3733,0.7467,0.3525,3.7,45.1,7.9,0.0,16.5,13.3,15.2,23.8,32.5
198,17031160700,8716,0.5861,0.0756,0.7353,0.4595,2.6,45.3,8.8,0.0,15.0,11.8,13.9,24.8,31.1
199,17031160800,9997,0.8669,0.2473,0.8065,0.5389,0.8,62.6,5.3,0.0,15.7,14.4,15.2,27.7,32.9
200,17031160900,5564,0.3056,0.0969,0.6513,0.6014,2.1,28.9,11.6,0.0,15.9,10.3,14.2,19.3,30.1
201,17031161000,4568,0.3875,0.263,0.5914,0.7447,2.3,30.1,5.1,0.0,17.1,10.3,15.0,17.6,29.7
202,17031161100,4706,0.0431,0.121,0.5323,0.4213,5.8,19.1,5.7,0.0,16.9,9.8,14.1,16.4,29.4
203,17031161200,4303,0.7985,0.5098,0.7878,0.3666,2.3,59.9,3.4,0.2,15.4,13.6,14.4,27.8,32.4
204,17031161300,8786,0.8704,0.5623,0.7428,0.7614,2.6,52.2,3.3,0.2,15.5,14.5,15.5,27.8,32.7
205,17031170100,2773,0.8318,0.7046,0.3492,0.8433,4.9,7.1,7.5,0.0,10.6,13.0,14.6,29.3,29.7
206,17031170200,4595,0.3971,0.2486,0.6611,0.4281,0.1,44.2,3.6,0.0,16.1,11.9,15.3,21.6,30.6
207,17031170300,6672,0.4519,0.7396,0.609,0.4386,0.1,36.2,5.5,0.0,15.6,14.2,15.7,24.3,31.3
208,17031170400,4227,0.6465,0.5054,0.594,0.0663,4.9,29.9,3.4,0.0,15.2,14.6,16.1,24.4,31.4
209,17031170500,4225,0.1148,0.3051,0.454,0.1605,0.0,19.9,6.3,0.0,15.9,12.9,15.7,21.5,30.7
210,17031170600,1823,0.4791,0.4827,0.5019,0.2703,2.0,20.5,7.8,0.0,15.0,14.4,16.0,24.1,31.2
211,17031170700,2613,0.3935,0.1395,0.5469,0.0914,0.0,31.9,3.3,0.0,15.4,14.7,16.0,24.1,31.2
212,17031170800,4036,0.5648,0.595,0.6297,0.5569,1.7,33.9,8.9,0.0,15.8,15.2,16.5,24.5,31.9
213,17031170900,1573,0.962,0.2803,0.7242,0.414,0.7,54.7,2.2,0.0,14.9,17.0,16.7,28.1,32.8
214,17031171000,8729,0.4602,0.3058,0.5853,0.5238,6.0,27.5,2.7,0.0,15.5,13.8,15.8,23.6,31.2
215,17031171100,4984,0.429,0.3191,0.7116,0.2205,1.3,48.0,6.1,0.0,15.5,13.3,15.5,24.6,31.4
216,17031180100,6761,0.7257,0.7469,0.6563,0.6743,0.4,42.3,3.7,0.0,14.8,14.0,15.5,26.9,32.2
217,17031190100,4732,0.7414,0.3774,0.9139,0.5728,1.3,86.2,3.1,0.0,14.6,15.1,14.9,33.8,33.6
218,17031190200,9404,0.8876,0.6123,0.8893,0.6561,5.3,76.5,3.1,0.0,14.8,15.1,15.1,32.9,33.6
219,17031190300,9913,0.8201,0.3197,0.7948,0.4139,1.6,61.2,1.9,0.0,14.9,16.0,15.9,31.3,33.1
220,17031190401,7034,0.7688,0.5398,0.8163,0.5341,1.7,64.2,7.6,0.0,14.5,14.4,14.9,29.7,33.0
221,17031190402,8177,0.876,0.6753,0.7987,0.2943,1.5,67.6,0.3,0.0,14.6,15.9,15.6,32.3,33.6
222,17031190601,6997,0.9216,0.7429,0.9139,0.2426,1.6,88.9,0.0,0.0,15.2,14.1,14.6,32.5,33.7
223,17031190602,8470,0.8337,0.8044,0.8497,0.6514,3.0,76.0,0.4,0.0,14.6,15.0,14.8,33.2,33.8
224,17031190701,4282,0.7837,0.877,0.8333,0.4148,2.5,71.6,1.3,0.0,14.7,18.0,16.0,37.0,35.1
225,17031190702,7883,0.8997,0.8268,0.9109,0.6671,3.6,86.5,0.0,0.0,14.3,19.4,16.5,39.4,35.6
226,17031190800,11064,0.9466,0.7918,0.9285,0.7637,1.1,88.4,1.2,0.1,14.6,16.6,15.6,36.3,34.4
227,17031190900,5058,0.8172,0.9271,0.9394,0.6084,4.4,89.8,0.0,0.0,13.9,15.5,14.5,36.4,34.0
228,17031191000,5203,0.7055,0.7501,0.9464,0.3846,1.9,88.5,4.7,0.0,15.2,14.3,14.6,34.1,33.6
229,17031191100,14097,0.8836,0.7835,0.9314,0.3764,2.7,85.4,2.4,0.0,15.2,14.8,14.7,34.4,34.7
230,17031191200,10194,0.892,0.8604,0.9633,0.4449,0.0,97.0,0.0,0.0,14.9,18.7,16.3,40.2,35.9
231,17031191301,8371,0.6923,0.967,0.9613,0.6916,2.1,85.2,8.6,0.0,14.7,14.8,14.5,34.5,34.5
232,17031191302,8272,0.8527,0.7337,0.9343,0.4336,1.2,92.3,0.0,0.0,15.1,15.7,15.1,35.0,34.9
233,17031200100,5880,0.705,0.734,0.8645,0.4775,3.6,70.0,7.2,0.0,15.0,12.8,14.0,29.4,32.4
234,17031200200,10967,0.8543,0.3791,0.9057,0.6145,5.5,83.6,0.0,0.0,14.5,15.5,15.1,35.5,34.5
235,17031200300,3533,0.8524,0.3146,0.9299,0.5467,6.2,86.4,0.4,0.0,14.7,15.0,15.0,34.6,34.2
236,17031200401,5943,0.9714,0.6282,0.9242,0.4524,2.7,87.6,0.0,0.0,14.4,17.5,15.9,38.9,35.4
237,17031200402,7853,0.8129,0.8089,0.9104,0.5994,4.3,81.2,3.7,0.1,15.3,13.9,14.7,33.2,33.4
238,17031210100,7445,0.5117,0.1258,0.6784,0.6217,2.3,39.0,5.0,0.0,16.6,12.5,14.8,23.6,31.7
239,17031210400,4842,0.9747,0.7684,0.8317,0.7627,1.7,70.1,1.3,0.0,14.8,14.9,15.0,32.4,33.3
240,17031210501,7773,0.8556,0.1802,0.812,0.4092,4.6,57.1,4.1,0.0,15.4,15.8,16.3,29.9,33.1
241,17031210502,7334,0.771,0.4613,0.8181,0.5003,3.5,61.8,1.8,0.0,15.0,15.3,15.7,30.6,33.1
242,17031210601,5096,0.728,0.1373,0.8176,0.7079,0.5,59.0,11.3,0.0,15.9,12.0,14.3,26.0,31.5
243,17031210602,8497,0.6454,0.2684,0.7933,0.6532,0.2,58.0,5.5,0.0,16.6,11.9,14.4,25.9,31.8
244,17031210700,5952,0.7238,0.1613,0.7528,0.4519,1.5,54.2,3.0,0.9,16.5,12.5,14.7,25.3,31.9
245,17031210800,2160,0.8413,0.1499,0.7353,0.3879,0.7,54.3,0.7,0.0,17.8,11.5,14.3,23.9,31.2
246,17031210900,4686,0.3476,0.2575,0.6434,0.2502,6.3,29.7,5.8,0.0,17.4,10.7,14.3,20.7,30.5
247,17031220300,3832,0.215,0.0363,0.557,0.6272,1.6,24.4,8.3,0.0,18.3,9.3,15.0,16.7,29.2
248,17031220400,4886,0.239,0.0781,0.5078,0.5116,0.8,20.4,8.4,0.0,18.2,7.9,14.1,15.8,27.8
249,17031220500,6502,0.3001,0.1302,0.5968,0.2691,5.9,24.5,5.5,0.0,18.9,8.8,14.8,15.9,29.1
250,17031220601,3614,0.333,0.076,0.6389,0.2498,4.6,30.6,2.8,0.5,18.1,10.0,14.4,19.7,30.3
251,17031220602,10119,0.4169,0.102,0.5968,0.9704,4.8,30.0,4.4,0.0,17.5,11.2,15.3,21.1,30.8
252,17031220701,5683,0.7384,0.2155,0.8306,0.7412,2.8,69.9,1.8,0.0,17.0,10.7,13.6,24.8,31.3
253,17031220702,8231,0.8137,0.2266,0.7743,0.6764,2.7,60.6,2.3,0.0,16.1,13.5,14.9,27.6,33.0
254,17031220901,7044,0.802,0.545,0.8467,0.5268,13.4,63.6,0.8,0.0,13.7,15.7,15.3,35.2,34.6
255,17031220902,5799,0.6598,0.6447,0.8328,0.3758,1.5,71.3,2.0,0.0,15.7,13.4,14.3,30.3,33.2
256,17031221000,5714,0.7082,0.0726,0.769,0.3922,5.3,55.5,2.7,0.0,16.3,13.6,15.4,27.6,33.4
257,17031221100,8662,0.7309,0.3494,0.6846,0.8567,6.0,35.3,4.7,0.0,16.1,12.6,15.0,25.3,32.2
258,17031221200,5667,0.2666,0.0748,0.6063,0.848,9.0,24.6,3.1,0.0,19.2,9.3,14.7,16.9,29.8
259,17031221300,7277,0.6334,0.0351,0.7075,0.8839,4.5,38.9,7.5,0.0,17.9,12.7,15.6,22.6,31.9
260,17031221400,9301,0.5182,0.0843,0.6684,0.8092,2.9,30.5,6.5,0.0,18.0,9.6,14.2,19.8,29.9
261,17031221500,4891,0.5254,0.0887,0.5428,0.4434,8.2,22.6,2.3,0.0,16.2,12.5,15.0,24.7,31.4
262,17031221600,5374,0.036,0.0184,0.4783,0.1614,3.1,16.3,5.5,0.0,20.0,8.0,15.3,13.3,28.4
263,17031222200,4323,0.1234,0.0123,0.4242,0.5263,3.7,10.2,6.9,0.0,20.8,7.7,15.1,12.1,28.4
264,17031222500,3272,0.4327,0.1644,0.6707,0.4156,3.6,42.4,2.0,0.0,17.2,11.1,14.5,22.9,31.3
265,17031222600,3863,0.676,0.103,0.6402,0.5118,8.0,32.0,1.7,0.0,17.7,11.3,14.8,20.9,31.4
266,17031222700,4105,0.7939,0.4268,0.7704,0.8437,2.6,54.6,1.9,0.0,16.4,13.7,14.7,27.2,33.6
267,17031222800,2609,0.8127,0.6067,0.8103,0.4562,6.1,65.5,0.0,0.0,14.7,13.3,14.9,30.2,33.7
268,17031222900,4452,0.834,0.5748,0.8702,0.6304,7.6,74.5,0.0,0.6,15.5,14.2,14.5,32.4,34.2
269,17031230100,3524,0.6587,0.2805,0.7762,0.5194,10.8,46.1,4.1,0.0,15.4,12.8,14.6,27.1,33.2
270,17031230200,4837,0.7912,0.6864,0.8257,0.7806,9.7,61.9,2.9,0.0,14.5,16.3,15.6,34.5,35.4
271,17031230300,1803,0.9578,0.1559,0.9003,0.0572,6.5,82.0,0.0,0.0,15.1,16.2,15.3,36.4,35.2
272,17031230400,5283,0.8565,0.6051,0.8825,0.3425,0.6,83.5,1.0,0.0,14.8,14.1,14.7,33.3,33.8
273,17031230500,8696,0.9798,0.9002,0.953,0.6113,7.6,82.6,0.4,0.0,12.5,21.7,16.7,46.1,37.2
274,17031230600,28047,0.9875,0.8584,0.9077,0.741,17.3,71.0,0.0,0.9,13.4,19.5,15.5,38.2,39.0
275,17031230700,20956,0.9762,0.8207,0.9482,0.8951,5.2,87.6,0.0,0.0,13.8,17.9,15.6,39.1,36.4
276,17031230800,3720,0.8623,0.8473,0.8837,0.6726,5.5,80.3,0.0,0.0,14.1,14.3,15.0,34.4,33.9
277,17031230900,15639,0.8233,0.1136,0.8271,0.7558,12.3,60.4,1.4,0.0,14.8,14.4,15.1,30.3,34.7
278,17031231100,6437,0.9488,0.9065,0.9575,0.4699,67.9,28.5,0.0,0.0,11.6,19.5,14.8,36.0,42.0
279,17031231200,41001,0.9826,0.983,0.979,0.7363,66.1,26.2,0.0,0.0,11.8,21.3,15.5,37.6,42.2
280,17031231500,40288,0.9946,0.9469,0.9779,0.7015,72.6,25.3,0.0,0.0,10.8,21.6,14.9,37.4,44.3
281,17031240200,3681,0.1343,0.2082,0.5418,0.4677,1.9,23.6,6.2,0.0,19.1,8.6,14.6,14.5,28.3
282,17031240300,4164,0.0168,0.005,0.3752,0.6226,4.8,2.4,8.0,0.0,20.8,7.2,14.9,11.7,27.4
283,17031240500,6958,0.0016,0.0051,0.3249,0.3711,2.0,7.4,6.3,0.0,22.4,7.3,15.4,10.5,28.1
284,17031240600,3032,0.2914,0.0673,0.5806,0.4771,4.7,26.5,5.9,0.0,18.7,10.8,14.6,19.1,30.8
285,17031240700,3039,0.5596,0.2934,0.7338,0.4537,8.0,46.5,2.8,0.0,16.0,11.4,14.4,24.0,31.7
286,17031240800,2913,0.6313,0.1605,0.7228,0.9623,3.4,35.5,6.8,0.0,15.9,10.6,13.5,23.8,31.5
287,17031240900,10362,0.6593,0.2582,0.7762,0.2606,9.6,35.0,18.1,0.0,14.2,14.2,14.6,29.1,34.0
288,17031241000,9671,0.6704,0.2291,0.7605,0.5095,5.0,49.8,5.6,0.0,14.6,11.9,14.4,26.6,32.4
289,17031241100,11950,0.4632,0.0629,0.6522,0.5788,7.9,30.5,4.7,0.0,18.2,11.9,15.4,20.4,32.6
290,17031241200,5018,0.1784,0.0374,0.5175,0.6235,6.6,15.4,7.9,0.0,18.2,9.1,14.8,16.8,29.0
291,17031241300,3405,0.0564,0.0728,0.4901,0.6196,9.3,15.3,2.9,0.0,20.0,8.8,15.4,13.8,29.3
292,17031241400,18360,0.1992,0.0251,0.4678,0.7056,8.5,9.6,4.7,0.0,20.2,8.6,15.7,13.8,28.8
293,17031241500,10998,0.1072,0.0208,0.4177,0.403,1.6,11.6,3.5,0.0,22.1,7.5,15.0,11.8,28.2
294,17031241600,8665,0.2679,0.0266,0.5186,0.4289,2.1,19.8,6.9,0.0,21.2,8.9,15.5,14.4,28.9
295,17031242000,8975,0.2252,0.0511,0.6522,0.8837,13.9,14.3,14.7,0.0,17.4,8.6,14.1,17.2,29.9
296,17031242100,8568,0.0722,0.0159,0.5312,0.2557,1.1,12.6,7.6,0.0,21.0,7.8,14.8,12.7,28.3
297,17031242200,6181,0.0328,0.0289,0.3609,0.2657,3.7,10.9,3.2,0.0,20.9,8.5,15.5,13.2,28.7
298,17031242300,5348,0.1189,0.0296,0.3623,0.7581,0.4,10.8,5.1,0.0,20.4,8.4,15.4,13.2,28.4
299,17031242400,7557,0.3592,0.0405,0.2705,0.5762,2.5,5.6,1.8,0.0,19.0,9.6,16.1,15.1,28.6
300,17031242500,6627,0.6025,0.041,0.6174,0.8632,10.7,26.0,3.2,0.0,17.6,12.5,16.0,20.9,31.0
301,17031242600,13772,0.4762,0.1878,0.633,0.3281,6.0,35.9,0.6,0.0,17.1,11.2,15.0,21.2,31.0
302,17031242700,4823,0.5998,0.1106,0.7313,0.4069,12.9,41.0,1.9,0.0,15.2,14.2,15.5,26.8,34.7
303,17031242800,3818,0.3975,0.3901,0.4527,0.3747,0.4,24.7,1.8,0.0,17.8,11.1,15.4,17.8,29.8
304,17031242900,4096,0.0807,0.1081,0.5731,0.6743,5.1,23.1,5.6,0.0,18.8,8.4,14.7,14.7,28.3
305,17031243000,5166,0.2628,0.0341,0.578,0.193,1.2,29.9,3.0,0.0,19.3,10.5,14.9,17.1,30.0
306,17031243100,4263,0.4908,0.0732,0.7191,0.2322,2.0,43.2,5.6,0.0,18.4,9.0,13.9,17.6,29.0
307,17031243200,4907,0.1531,0.0234,0.5949,0.5181,6.8,26.6,5.9,0.0,19.5,8.3,14.0,15.1,28.9
308,17031243300,5455,0.2759,0.0105,0.4994,0.2336,4.6,20.9,4.6,0.0,19.7,10.4,15.7,15.7,29.7
309,17031243400,6123,0.4412,0.1659,0.6661,0.6604,5.6,30.3,6.9,0.0,19.2,9.6,14.6,16.8,29.6
310,17031243500,9807,0.1563,0.0154,0.5864,0.5219,16.3,13.6,5.3,0.0,19.6,9.4,15.2,14.0,30.4
311,17031250200,12391,0.9168,0.6666,0.9558,0.5217,51.2,44.3,0.0,0.0,13.1,16.4,13.8,31.6,39.5
312,17031250300,14841,0.9477,0.9388,0.9691,0.3357,61.2,33.7,0.5,0.0,11.4,21.1,15.1,36.9,43.4
313,17031250400,19259,0.8655,0.8486,0.9604,0.2072,77.2,17.7,0.0,1.8,11.7,18.3,14.3,32.3,42.8
314,17031250500,8503,0.5934,0.2087,0.777,0.4004,25.8,38.3,1.2,0.0,13.7,12.4,14.0,23.7,33.5
315,17031250600,13960,0.8645,0.9685,0.9622,0.241,77.9,18.1,0.8,0.0,11.3,18.2,13.7,32.8,42.8
316,17031250700,19194,0.8913,0.336,0.9959,0.6903,74.8,20.1,0.0,0.0,10.7,21.3,15.0,36.3,44.8
317,17031250800,15140,0.8747,0.7878,0.9896,0.2511,95.5,3.6,0.0,0.0,11.3,19.3,14.2,35.2,43.0
318,17031251000,9470,0.9414,0.8601,0.9885,0.3062,71.4,27.9,0.0,0.0,11.2,22.3,15.3,37.5,44.9
319,17031251100,22971,0.9199,0.9987,0.9779,0.7786,83.7,14.7,0.0,0.0,9.3,26.9,16.3,44.9,46.4
320,17031251200,17755,0.9827,0.7135,0.9873,0.3916,68.3,31.0,0.0,0.0,10.5,23.1,15.2,38.8,45.1
321,17031251300,18468,0.9385,0.9612,0.9756,0.9257,90.6,6.5,0.0,0.0,10.6,22.0,15.0,37.3,44.8
322,17031251400,18365,0.901,0.9054,0.8881,0.9525,79.3,5.7,0.0,0.0,10.6,18.9,14.0,33.6,42.7
323,17031251500,25112,0.958,0.7718,0.9713,0.8804,84.1,12.9,0.0,0.0,10.0,28.5,16.2,44.3,47.1
324,17031251600,22255,0.9657,0.9898,0.9952,0.757,72.8,26.0,0.0,0.0,9.6,27.8,16.4,44.6,47.2
325,17031251700,11616,0.6574,0.7249,0.9622,0.3718,77.2,19.7,0.0,0.0,12.7,16.1,13.6,29.0,42.2
326,17031251800,42106,0.9598,0.7036,0.9596,0.8344,88.1,6.2,0.0,0.0,9.6,28.5,16.4,45.4,47.8
327,17031251900,40954,0.9509,0.725,0.9596,0.7139,91.2,4.8,0.0,0.0,10.6,25.6,16.0,40.3,47.0
328,17031252000,25648,0.8643,0.9505,0.9769,0.9132,93.8,2.2,0.0,0.0,10.0,24.0,15.6,39.8,45.9
329,17031252101,8402,0.9729,0.8863,0.9836,0.5803,97.3,0.1,0.0,0.0,9.3,23.5,15.1,41.0,45.2
330,17031252102,29065,0.9451,0.9391,0.9746,0.4997,81.2,9.8,0.0,0.0,10.7,19.9,14.3,34.9,44.6
331,17031252201,14014,0.939,0.788,0.9464,0.7975,90.6,3.9,0.6,0.0,9.7,20.0,13.9,37.2,43.5
332,17031252202,33652,0.9819,0.6244,0.9779,0.9334,96.3,0.9,1.1,0.0,9.6,27.4,16.4,44.0,46.9
333,17031260100,10541,0.9698,0.6176,0.9269,0.7564,85.0,5.7,0.3,0.0,9.7,27.4,15.8,44.4,46.3
334,17031260200,16370,0.9441,0.7672,0.9959,0.5184,97.1,2.9,0.0,0.0,10.6,25.2,16.0,40.2,46.3
335,17031260300,10802,0.9983,0.7256,0.9825,0.996,88.8,9.9,0.0,0.0,10.1,26.7,16.0,43.0,46.6
336,17031260400,10716,0.9085,0.7666,0.9862,0.6324,99.1,0.0,0.0,0.0,9.7,30.9,17.1,47.3,48.2
337,17031260500,15789,0.9508,0.7921,0.9943,0.4166,97.0,1.8,0.0,1.0,10.2,27.6,16.8,43.1,47.2
338,17031260600,16197,0.9873,0.9166,0.9746,0.7023,96.5,1.6,0.0,0.0,9.4,30.5,17.2,47.8,47.8
339,17031260700,19324,0.9935,0.8974,0.9836,0.4524,93.6,3.2,0.0,0.0,10.0,28.3,16.7,44.5,47.4
340,17031260800,19604,0.9643,0.8689,0.9401,0.5166,89.8,0.6,0.0,0.0,9.7,28.1,16.2,44.3,47.7
341,17031260900,9613,0.9676,0.4144,0.9104,0.7933,83.2,5.0,0.0,0.0,10.7,25.7,15.8,40.5,47.0
342,17031261000,11110,0.8995,0.8136,0.9959,0.5085,94.2,4.4,0.0,0.0,10.1,23.9,15.2,40.2,46.2
343,17031270500,14003,0.904,0.9007,0.9959,0.6892,99.1,0.9,0.0,0.0,9.7,27.8,16.6,44.3,46.5
344,17031271200,11138,0.8782,0.5628,0.9491,0.6245,88.5,1.2,0.2,0.0,11.0,23.5,15.5,37.2,45.3
345,17031271300,11080,0.8737,0.6949,0.9959,0.5739,91.5,1.8,1.2,0.0,9.9,27.6,16.9,43.5,47.2
346,17031271400,8744,0.9078,0.8,0.935,0.8553,77.0,3.3,1.8,0.0,10.6,24.0,15.6,38.6,45.7
347,17031271500,6016,0.7904,0.9382,0.9566,0.3389,81.5,6.4,0.0,0.0,10.7,21.6,15.1,35.6,45.2
348,17031271800,8612,0.964,0.7746,0.9959,0.4907,93.9,6.1,0.0,0.0,9.4,32.9,17.1,49.2,49.5
349,17031280100,12832,0.0109,0.0093,0.5007,0.6488,1.9,6.0,19.2,0.0,20.1,6.4,14.2,10.8,28.2
350,17031280400,7488,0.6692,0.6134,0.8518,0.8864,74.9,4.7,0.5,0.0,11.1,23.1,17.3,36.5,44.5
351,17031280800,10599,0.9674,0.582,0.901,0.9887,79.0,8.2,0.0,0.0,10.3,18.4,14.3,34.6,42.2
352,17031280900,5678,0.8093,0.6984,0.9306,0.3442,84.3,2.8,5.9,0.0,10.7,25.0,17.5,38.6,46.4
353,17031281900,13712,0.1079,0.0068,0.6868,0.9438,3.6,9.7,35.5,0.0,17.9,6.7,13.1,12.7,29.0
354,17031282700,8520,0.6684,0.4795,0.812,0.451,32.2,22.5,12.3,0.0,14.9,13.6,14.3,24.5,36.3
355,17031282800,3571,0.6615,0.0757,0.789,0.171,14.0,40.0,11.7,0.0,15.9,11.4,14.6,22.1,32.9
356,17031283100,4601,0.8756,0.7718,0.8645,0.6437,29.8,19.4,30.6,0.0,13.2,11.2,14.3,23.2,33.6
357,17031283200,4663,0.4255,0.123,0.7896,0.5543,36.8,13.4,13.3,0.0,15.7,11.9,14.8,20.3,34.0
358,17031283800,5589,0.6092,0.4152,0.7938,0.8434,47.5,10.1,9.4,0.0,14.4,11.5,13.8,21.6,34.5
359,17031290900,22583,0.9148,0.767,0.9959,0.5399,99.6,0.0,0.4,0.0,10.5,24.6,15.9,40.2,46.4
360,17031291200,14608,0.9588,0.4556,0.9943,0.7346,96.8,3.0,0.0,0.0,10.6,25.4,16.7,39.6,46.9
361,17031291600,2038,0.622,0.5563,0.8138,0.1309,6.4,66.7,0.0,0.0,14.3,16.3,14.9,33.2,36.5
362,17031292200,13363,0.9861,0.3095,0.9662,0.382,83.5,11.4,0.9,0.0,10.4,24.8,15.9,40.2,46.1
363,17031292400,10810,0.895,0.2282,0.8685,0.6384,79.8,3.3,0.0,0.0,11.0,24.0,15.5,38.2,45.8
364,17031292500,17542,0.9686,0.5044,0.9734,0.3739,85.6,7.5,0.0,0.0,10.0,22.0,15.3,38.6,44.4
365,17031300500,4546,0.9261,0.6485,0.9456,0.3049,3.3,91.4,0.0,0.3,14.5,20.4,16.2,41.9,36.9
366,17031300600,6228,0.9905,0.9427,0.9613,0.6431,11.6,84.1,0.0,0.0,13.4,18.3,15.4,39.3,36.8
367,17031300700,9094,0.9785,0.5972,0.98,0.4275,1.9,95.9,0.8,0.0,14.1,19.7,16.5,42.6,35.9
368,17031300800,9879,0.9971,0.8593,0.98,0.3471,0.0,98.3,0.0,0.0,13.3,22.7,17.1,47.5,37.5
369,17031300900,10051,0.949,0.8698,0.9357,0.7616,0.0,93.7,0.0,0.0,13.9,21.4,16.9,45.2,36.8
370,17031301100,4840,0.8784,0.8731,0.8996,0.4659,3.0,85.4,0.0,0.0,14.4,17.5,15.7,39.0,35.2
371,17031301200,7982,0.9913,0.8925,0.9388,0.7165,15.0,76.3,0.7,0.0,13.3,21.0,16.4,44.8,37.3
372,17031301600,7027,0.9995,0.999,0.9779,0.7029,2.7,95.6,0.0,0.0,13.9,18.9,15.9,42.8,35.8
373,17031301701,5993,0.9288,0.7896,0.9109,0.6023,0.0,87.6,2.6,0.0,14.4,18.7,15.5,42.5,36.0
374,17031301702,4845,0.9661,0.7785,0.9633,0.2946,0.0,96.5,0.0,0.0,14.5,18.0,15.7,40.9,35.7
375,17031301801,5206,0.9605,0.4522,0.9836,0.5065,0.0,98.5,0.0,0.0,14.2,17.4,15.2,40.5,35.3
376,17031301802,8689,0.9922,0.5917,0.9722,0.656,0.9,96.6,0.0,0.3,14.0,19.4,16.0,43.3,36.1
377,17031301803,6054,0.9611,0.2844,0.9584,0.4237,0.0,96.5,0.0,0.0,15.0,16.1,15.0,38.2,34.7
378,17031310200,3378,0.6039,0.3275,0.7732,0.7774,3.8,42.8,17.1,0.0,16.6,11.8,14.4,23.6,31.5
379,17031310300,3546,0.8419,0.4321,0.8333,0.6509,3.5,65.9,5.0,0.0,16.9,12.7,15.2,25.8,31.9
380,17031310400,2108,0.3967,0.0569,0.7621,0.4893,2.2,45.1,12.3,0.0,16.5,9.1,13.4,21.6,30.1
381,17031310500,2870,0.9007,0.7917,0.8539,0.1555,0.0,80.1,0.5,0.0,15.3,14.3,14.9,32.9,33.3
382,17031310600,11423,0.7663,0.0954,0.7722,0.8819,4.4,54.5,6.5,0.0,15.4,13.4,14.5,30.0,32.5
383,17031310700,3545,0.9825,0.3219,0.8232,0.9271,2.7,60.8,7.9,0.0,15.8,13.3,14.0,30.7,32.3
384,17031310800,7947,0.84,0.1433,0.8842,0.5,1.3,77.2,4.8,0.0,15.3,13.4,14.8,31.5,32.6
385,17031310900,9073,0.9143,0.6847,0.8606,0.4255,1.8,76.6,1.2,0.0,15.1,15.8,15.4,34.6,33.9
386,17031320100,46644,,,,,,,,,16.2,6.4,13.1,13.5,27.7
387,17031320400,27245,0.3486,0.0132,0.5703,0.9353,10.6,7.1,17.3,0.0,20.7,7.0,17.5,13.7,28.4
388,17031320600,10020,0.1704,0.0119,0.5644,0.9325,8.2,9.6,17.4,0.0,17.3,7.3,14.3,14.0,29.3
389,17031330100,32773,,,,,,,,,16.6,8.6,13.7,15.6,31.3
390,17031330200,7754,0.2152,0.808,0.6736,0.4616,20.2,5.4,20.4,0.0,12.7,11.1,13.0,21.5,33.1
391,17031340300,1608,0.8768,0.9695,0.9186,0.6548,0.0,15.5,75.2,0.0,8.0,19.1,11.3,41.5,36.2
392,17031340400,2830,0.8494,0.3134,0.9098,0.8137,4.7,3.9,80.1,0.0,9.2,16.1,10.6,34.6,35.7
393,17031340500,4714,0.8304,0.6373,0.7144,0.8617,4.7,13.7,36.2,0.0,10.2,18.0,14.2,37.7,34.3
394,17031340600,8085,0.9673,0.7862,0.9448,0.6439,91.0,0.0,0.0,0.0,7.4,33.9,18.3,55.2,48.6
395,17031350100,2516,0.4317,0.0151,0.9365,0.6833,34.9,2.7,52.0,0.6,11.2,8.3,10.9,20.4,35.0
396,17031350400,10776,0.9703,0.6886,0.9922,0.7617,99.6,0.0,0.0,0.0,8.4,30.7,17.9,48.0,48.6
397,17031351000,8623,0.7164,0.0656,0.9584,0.3656,74.7,1.7,13.1,0.0,10.3,11.1,11.9,25.2,37.6
398,17031351100,14955,0.9239,0.8313,0.9848,0.5682,89.7,7.9,0.0,0.0,9.2,28.7,18.4,45.2,48.4
399,17031351400,8676,0.9522,0.9555,0.9521,0.925,87.6,5.4,2.2,0.0,9.2,24.4,16.0,41.3,45.8
400,17031351500,5010,0.7808,0.2464,0.8798,0.5531,51.8,7.0,24.4,0.0,12.9,18.3,15.5,30.4,41.2
401,17031360200,5052,0.909,0.9296,0.9909,0.6578,89.1,4.4,6.0,0.0,11.4,19.1,15.7,31.4,44.8
402,17031380100,6886,0.8458,0.4245,0.955,0.723,91.7,1.0,0.0,1.0,8.9,21.7,14.8,38.7,43.4
403,17031380200,4199,0.6159,0.6354,0.9896,0.3712,95.1,0.5,1.3,0.0,6.6,13.8,12.1,37.7,38.7
404,17031380500,3572,,,,,,,,,9.7,29.9,18.4,45.3,48.9
405,17031380700,5420,,,,,,,,,10.4,20.3,13.8,34.9,44.1
406,17031381200,7869,0.5037,0.1126,0.9811,0.337,92.8,1.6,0.0,0.0,11.2,14.2,13.8,26.6,41.2
407,17031381400,11616,0.9919,0.9329,0.9848,0.5368,84.9,8.9,3.9,0.0,11.6,18.3,14.3,30.5,43.9
408,17031381500,2458,0.9664,0.8129,0.9633,0.647,94.5,0.0,0.0,0.0,9.9,22.9,16.4,37.0,45.5
409,17031381700,3066,-999.0,-999.0,-999.0,-999.0,-999.0,-999.0,-999.0,-999.0,,,,,
410,17031381800,10334,0.7847,0.4032,0.9145,0.8458,86.3,1.9,1.7,0.0,11.5,17.1,13.8,29.6,42.8
411,17031381900,4361,0.7345,0.6593,0.9521,0.4282,88.0,1.3,0.4,0.4,11.4,16.3,13.8,29.2,42.3
412,17031390100,4877,0.6677,0.2238,0.9293,0.4424,74.6,1.1,4.2,3.1,12.3,12.6,13.2,22.7,40.0
413,17031390200,4955,0.3543,0.6445,0.843,0.5635,57.4,3.7,6.6,0.0,12.5,12.3,13.2,22.1,39.5
414,17031390300,9906,0.8327,0.9665,0.8975,0.8949,82.8,3.0,0.9,0.2,9.1,20.3,14.5,37.8,43.6
415,17031390400,10351,0.8526,0.5703,0.9003,0.8448,84.2,1.0,0.0,0.0,9.0,16.6,13.7,34.1,40.8
416,17031390500,2832,0.6532,0.2011,0.8218,0.6424,60.3,6.0,6.8,0.0,12.5,10.7,13.5,21.5,36.3
417,17031390600,3238,0.5277,0.8187,0.7006,0.7095,45.4,1.9,4.4,0.0,13.3,7.7,13.1,16.8,31.5
418,17031390700,8521,0.4086,0.2343,0.8271,0.621,58.3,1.2,11.9,0.0,11.7,8.4,12.3,20.5,33.1
419,17031400300,12913,0.8572,0.9035,0.9909,0.8309,92.4,7.1,0.0,0.0,11.4,21.7,15.3,34.4,45.6
420,17031400400,12805,0.9027,0.9305,0.9566,0.868,96.0,0.0,0.0,0.0,11.5,22.4,15.8,34.1,45.9
421,17031400500,13849,0.963,0.7964,0.9873,0.3365,97.5,0.4,0.0,0.4,10.0,22.4,15.8,37.8,45.5
422,17031400800,17516,0.9727,0.6927,0.9848,0.6377,93.0,1.8,0.0,0.0,9.7,29.0,17.5,44.8,48.0
423,17031410100,3892,0.6344,0.0587,0.7834,0.9139,37.2,12.7,8.0,0.0,14.0,9.8,12.9,19.7,34.3
424,17031410200,1201,0.6074,0.0367,0.7403,0.8994,31.9,11.3,13.9,0.6,16.8,12.5,16.1,20.3,34.3
425,17031410500,5808,0.5282,0.0729,0.7435,0.707,37.5,3.7,17.5,0.0,14.3,11.5,15.2,22.0,35.4
426,17031410600,2820,0.6921,0.045,0.717,0.7133,18.5,16.0,15.5,0.0,14.9,14.1,16.5,23.5,34.7
427,17031410700,4383,0.7564,0.1523,0.704,0.8438,22.3,9.1,17.7,0.0,16.3,11.7,15.6,20.4,32.3
428,17031410800,6671,0.4106,0.1031,0.6854,0.9382,17.6,5.5,19.3,0.0,14.0,9.4,13.4,19.7,32.6
429,17031410900,5205,0.5215,0.0289,0.6157,0.8309,21.5,4.6,8.2,0.1,13.5,8.4,13.2,17.9,31.3
430,17031411000,5323,0.5852,0.2474,0.7497,0.9429,38.5,4.9,10.1,0.3,13.1,7.8,13.2,19.4,29.9
431,17031411100,3292,0.2072,0.2965,0.5674,0.749,3.8,4.7,18.2,0.0,15.2,8.5,14.3,16.9,28.7
432,17031411200,1904,0.3489,0.4949,0.5882,0.9155,6.3,7.9,17.8,0.0,14.5,7.8,14.1,16.3,28.3
433,17031420100,5655,0.8955,0.835,0.9691,0.5413,89.8,2.0,2.2,0.0,8.8,21.3,15.2,39.2,44.3
434,17031420200,4330,0.7364,0.518,0.8479,0.7399,65.0,4.7,6.3,0.0,11.5,19.1,15.0,31.7,41.2
435,17031420300,3300,0.8251,0.0324,0.7748,0.9462,37.3,7.8,16.8,0.0,16.0,13.6,16.8,23.8,36.5
436,17031420400,5647,0.9204,0.6957,0.8271,0.3542,53.0,9.5,10.7,0.0,11.1,19.8,15.9,35.0,40.6
437,17031420500,15186,0.9172,0.5921,0.9896,0.6699,97.7,0.5,1.2,0.0,10.3,18.7,14.5,34.4,43.7
438,17031420600,15070,0.9301,0.8014,0.9521,0.6262,89.5,3.0,0.0,0.0,10.0,23.5,15.6,39.1,46.3
439,17031420700,36693,0.9451,0.567,0.9862,0.6252,94.6,2.2,0.0,0.0,9.5,26.1,15.9,42.8,47.1
440,17031420800,12748,0.9198,0.6911,0.9722,0.7653,88.4,0.0,0.7,0.0,11.6,18.5,15.0,31.2,44.0
441,17031421200,9180,0.9775,0.6404,0.9769,0.6656,91.2,2.2,0.0,3.4,9.0,20.7,14.3,39.3,44.1
442,17031430101,18811,0.9127,0.149,0.98,0.5474,95.9,2.7,0.0,0.0,11.2,18.6,14.7,31.8,44.4
443,17031430102,9512,0.6985,0.2883,0.9734,0.8454,93.0,2.1,0.8,0.0,10.1,17.1,13.7,32.0,42.5
444,17031430200,22305,0.9136,0.5161,0.9482,0.8549,89.3,4.1,0.7,1.3,9.9,19.4,14.8,34.9,43.9
445,17031430300,13040,0.7789,0.8459,0.9862,0.8272,97.3,1.7,0.0,0.0,9.8,25.9,16.6,41.5,47.1
446,17031430400,14731,0.8027,0.6331,0.9645,0.9658,91.1,2.4,0.0,0.0,10.2,19.9,14.3,35.6,44.6
447,17031430500,19317,0.9361,0.7946,0.98,0.8104,97.1,1.1,0.0,0.0,9.5,26.7,16.5,43.1,47.4
448,17031430600,10644,0.5843,0.6399,0.9825,0.8364,90.3,3.6,0.4,0.0,10.2,16.9,13.7,32.0,42.9
449,17031430700,7432,0.9056,0.3294,0.9575,0.766,94.2,1.3,0.0,0.0,9.8,19.5,14.2,36.3,42.9
450,17031430800,7274,0.684,0.4125,0.9922,0.4752,96.0,2.6,0.0,0.0,10.4,14.4,12.3,29.1,41.1
451,17031430900,7858,0.8587,0.8101,0.9896,0.5669,98.1,0.0,0.1,0.0,10.5,16.7,13.9,31.2,42.8
452,17031431200,12046,0.5515,0.5328,0.9873,0.177,96.9,0.3,0.0,0.0,10.5,13.5,12.5,27.6,40.5
453,17031431301,22573,0.9402,0.773,0.9464,0.8465,90.4,2.9,0.6,0.0,10.7,20.9,15.2,35.2,44.9
454,17031431302,26822,0.9388,0.8122,0.98,0.8857,87.6,10.9,0.0,0.0,10.4,23.5,16.0,37.9,46.4
455,17031431400,24056,0.8485,0.9293,0.9242,0.9462,88.7,1.4,0.2,0.0,9.8,22.2,14.6,38.3,45.1
456,17031440101,29164,0.9894,0.451,0.9922,0.8349,96.0,1.7,0.0,0.0,9.8,27.8,16.7,43.5,47.9
457,17031440102,22462,0.7811,0.2253,0.9464,0.2798,92.2,2.3,0.0,0.0,10.6,19.7,14.4,34.4,44.4
458,17031440201,20366,0.7688,0.8065,0.9909,0.4673,95.6,0.0,0.0,0.0,9.8,17.8,13.7,33.7,43.3
459,17031440202,11340,0.8399,0.6034,0.9959,0.2604,97.6,1.6,0.0,0.0,8.3,14.9,12.6,34.3,40.7
460,17031440300,15380,0.7655,0.4585,0.9959,0.3779,98.1,0.0,0.0,0.0,9.5,13.8,12.1,30.0,40.6
461,17031440600,6732,0.735,0.7793,0.9959,0.0303,98.2,1.4,0.0,0.0,10.1,13.7,12.3,28.9,40.7
462,17031440700,4932,0.7024,0.5861,0.9862,0.2829,99.1,0.0,0.0,0.0,9.7,14.9,12.4,31.4,41.2
463,17031440800,6671,0.9637,0.4106,0.9836,0.6263,95.2,2.5,0.8,0.0,9.2,23.9,15.6,41.3,46.1
464,17031440900,10221,0.8636,0.4562,0.9952,0.5768,99.9,0.0,0.0,0.0,9.4,19.0,13.8,35.8,43.2
465,17031450300,14044,0.79,0.5342,0.9825,0.1967,93.6,0.0,0.0,0.0,9.7,17.4,13.4,33.7,42.8
466,17031460100,17745,0.9133,0.6485,0.9645,0.7168,78.3,15.8,1.3,0.0,10.9,20.8,14.9,37.1,42.6
467,17031460200,9987,0.9911,0.9852,0.9285,0.8213,22.1,70.6,0.0,0.0,11.4,22.4,16.5,42.8,40.7
468,17031460301,12753,0.991,0.8892,0.9836,0.2537,67.0,30.6,0.2,0.4,11.3,23.3,15.8,41.0,43.1
469,17031460302,18963,0.9239,0.59,0.9117,0.6933,83.9,5.8,0.0,0.0,10.2,25.1,15.6,41.5,45.9
470,17031460400,14995,0.7053,0.5151,0.9943,0.3718,98.3,0.0,0.0,0.0,10.2,17.5,13.6,32.9,43.0
471,17031460500,22356,0.5473,0.1087,0.9933,0.4397,98.2,1.4,0.0,0.0,10.2,13.3,12.2,28.0,40.4
472,17031460600,7294,,,,,,,,,11.4,20.2,14.9,37.2,42.5
473,17031460700,13554,,,,,,,,,11.7,24.7,17.4,44.9,42.2
474,17031461000,8939,0.8671,0.9702,0.9299,0.7526,56.6,35.5,0.0,0.0,8.3,17.6,13.1,43.6,38.3
475,17031470100,11677,0.8247,0.8258,0.9682,0.7157,88.9,7.2,0.0,0.0,9.8,19.0,13.7,35.7,43.3
476,17031480100,8644,0.5663,0.4734,0.9896,0.2386,98.1,0.3,0.0,0.0,8.8,13.3,11.8,30.6,40.0
477,17031480200,4716,0.677,0.6058,0.9959,0.2082,88.9,3.0,0.0,0.0,9.6,13.1,12.4,29.1,40.2
478,17031480300,5582,0.6207,0.5208,0.9756,0.3511,93.1,3.2,0.0,0.7,9.4,13.9,12.6,30.0,40.9
479,17031480400,15628,0.3575,0.4942,0.9909,0.1739,98.9,0.4,0.0,0.3,9.3,13.8,12.0,30.3,40.4
480,17031480500,9390,0.799,0.9593,0.9769,0.3654,81.8,15.6,0.3,0.0,10.0,19.6,14.0,37.2,42.5
481,17031490300,7550,,,,,,,,,9.2,14.1,12.2,31.1,40.8
482,17031490400,3236,,,,,,,,,10.0,10.9,11.7,25.5,38.9
483,17031490500,9002,0.7768,0.9121,0.9746,0.2924,94.2,1.1,1.3,0.0,10.7,13.4,13.1,29.0,40.1
484,17031490600,7071,0.7967,0.6939,0.9166,0.2579,89.2,0.0,1.8,0.0,9.6,15.7,12.9,32.4,41.5
485,17031490700,12225,0.8234,0.6708,0.9959,0.1155,97.8,2.2,0.0,0.0,10.4,17.4,13.4,33.2,43.0
486,17031490800,15135,0.8686,0.4162,0.9811,0.4312,97.0,0.3,0.2,0.4,9.6,17.2,13.5,34.0,42.8
487,17031490901,17415,0.9758,0.5305,0.9959,0.4895,97.4,2.3,0.0,0.0,10.2,21.1,14.6,36.7,44.8
488,17031490902,19976,0.7384,0.6188,0.9959,0.3886,98.1,0.9,0.5,0.0,9.8,15.8,13.0,31.6,41.8
489,17031491000,31088,0.989,0.5645,0.9952,0.8952,96.1,1.8,0.6,0.0,9.9,24.6,15.7,41.0,46.0
490,17031491100,13223,0.8262,0.6801,0.9633,0.6199,92.5,3.7,0.0,0.0,9.1,15.9,12.6,33.6,41.2
491,17031491200,11748,0.8305,0.9098,0.954,0.3043,88.5,4.4,0.0,0.0,9.8,17.9,13.6,34.4,43.2
492,17031491300,15130,0.9627,0.5291,0.9862,0.8357,97.4,0.7,0.0,0.0,10.1,23.7,15.3,39.5,45.6
493,17031491400,22831,0.9613,0.8623,0.9691,0.9842,95.3,0.1,0.0,0.0,10.6,21.4,15.1,35.6,45.2
494,17031500100,9759,0.415,0.2166,0.9811,0.0455,97.7,1.0,0.0,0.0,10.3,13.9,12.6,28.9,41.1
495,17031500200,12032,0.8954,0.6046,0.9811,0.5384,93.4,0.0,0.0,0.0,10.4,22.1,15.8,36.5,45.5
496,17031500300,6865,0.9081,0.4531,0.6994,0.1888,30.9,16.0,0.3,0.0,13.1,15.9,15.0,28.6,36.0
497,17031510100,5757,0.9726,0.9046,0.902,0.3724,13.0,75.8,0.0,0.0,13.0,16.5,15.2,38.6,34.4
498,17031510200,7553,0.9174,0.9099,0.9357,0.3605,69.5,23.3,0.0,0.0,10.0,19.7,14.5,37.5,41.7
499,17031510300,22633,0.8703,0.8346,0.9885,0.3782,99.3,0.0,0.0,0.0,9.0,23.3,15.2,41.1,45.6
500,17031520100,5271,0.8709,0.6602,0.9125,0.6245,0.0,90.4,0.0,0.0,13.9,18.0,15.8,39.5,35.0
501,17031520200,8311,0.8633,0.8786,0.9039,0.2809,8.2,80.5,0.4,0.0,13.3,18.7,15.7,40.7,36.6
502,17031520300,9354,0.9468,0.914,0.899,0.1569,0.3,88.0,0.0,0.0,14.3,16.5,15.5,37.0,34.4
503,17031520400,6219,0.8644,0.7891,0.9032,0.2809,1.2,87.7,0.1,0.0,13.7,14.9,14.7,34.9,33.3
504,17031520500,4286,0.572,0.8304,0.8601,0.1421,1.8,78.3,0.7,0.0,13.8,14.9,15.3,31.7,32.6
505,17031520600,4320,0.4486,0.9445,0.8917,0.2077,0.0,86.7,0.6,0.0,13.2,15.1,15.1,35.2,33.2
506,17031530100,11620,0.9893,0.963,0.9922,0.603,36.8,57.8,0.0,0.0,12.0,20.5,15.5,40.5,40.1
507,17031530200,28040,0.9311,0.7642,0.9885,0.2492,93.7,5.6,0.0,0.0,10.4,22.2,15.2,37.3,45.0
508,17031530300,15187,0.855,0.6429,0.9873,0.2602,96.1,0.0,0.0,0.6,9.9,16.1,13.1,32.5,42.0
509,17031530400,7043,0.7362,0.6436,0.9734,0.2072,94.2,2.9,0.0,0.0,11.0,17.1,13.8,30.7,42.8
510,17031530501,24150,0.8652,0.5345,0.9734,0.7583,94.1,2.6,0.0,0.0,10.9,17.9,13.5,32.3,43.2
511,17031530502,5583,0.7991,0.674,0.9959,0.0593,96.3,3.3,0.0,0.0,10.5,17.7,13.7,32.1,43.3
512,17031530503,17284,0.7899,0.6494,0.9943,0.3063,95.3,1.8,0.0,0.0,10.2,18.0,13.7,32.8,43.1
513,17031530600,13274,0.7898,0.6025,0.9909,0.7881,94.5,1.2,0.0,0.0,10.4,19.4,14.6,34.3,44.5
514,17031540101,19332,0.9034,0.3627,0.9885,0.8365,93.2,6.1,0.0,0.0,10.1,30.7,18.9,44.7,49.3
515,17031540102,15531,0.9316,0.4116,0.9811,0.5599,98.2,0.5,0.0,0.0,9.3,27.7,17.8,44.6,48.1
516,17031550100,12684,0.8207,0.6662,0.7593,0.8088,7.6,55.3,0.0,0.0,14.0,16.1,15.9,31.1,33.1
517,17031550200,4274,0.5574,0.3947,0.7568,0.1876,5.0,57.8,0.0,0.0,13.4,14.7,15.3,29.7,32.2
518,17031560100,4125,0.7552,0.7183,0.9057,0.5434,17.0,65.3,6.8,0.0,12.3,13.7,13.1,34.8,33.9
519,17031560200,8489,0.8032,0.8162,0.9734,0.2364,61.4,34.6,0.0,0.0,10.4,16.8,13.0,34.3,41.3
520,17031560300,5051,0.8709,0.8181,0.8419,0.3478,2.2,73.4,0.8,0.0,13.8,16.7,15.6,34.1,33.9
521,17031560400,5069,0.8958,0.9617,0.8271,0.4809,2.9,69.2,3.5,0.0,13.6,18.1,16.0,37.1,33.9
522,17031560700,5492,0.8791,0.5027,0.7378,0.8027,1.2,57.9,0.2,0.0,15.1,15.4,15.9,29.1,32.5
523,17031560800,6967,0.645,0.7329,0.7409,0.3,4.2,54.9,0.4,0.0,15.0,15.0,16.3,26.6,31.9
524,17031560900,4867,0.3312,0.2688,0.6374,0.2045,0.0,43.7,0.8,0.0,15.3,13.0,15.5,23.2,30.6
525,17031561000,4604,0.0819,0.3955,0.6026,0.2816,0.0,40.4,0.0,0.0,15.1,12.5,15.3,22.6,30.0
526,17031561100,5689,0.5219,0.5007,0.6798,0.1613,0.2,50.1,0.7,0.0,14.6,13.6,15.3,25.9,30.7
527,17031570100,3469,0.7202,0.6152,0.887,0.4792,0.0,79.4,5.7,0.0,15.0,15.8,15.7,32.7,33.5
528,17031570200,5214,0.5648,0.4147,0.8996,0.4223,0.0,80.6,7.8,0.0,14.2,13.8,14.4,31.8,32.4
529,17031570300,9621,0.8895,0.6714,0.8847,0.5155,1.8,79.8,4.3,0.0,15.0,16.3,15.5,34.8,34.1
530,17031570400,5434,0.7845,0.6349,0.8713,0.7569,0.1,80.3,3.4,0.0,15.1,15.6,15.2,33.2,33.7
531,17031570500,3685,0.8651,0.2778,0.8576,0.2652,0.0,78.9,2.3,0.0,15.6,14.2,15.1,29.8,32.7
532,17031580100,5238,0.9374,0.796,0.933,0.4393,6.9,46.0,36.9,1.0,13.2,17.7,14.6,38.6,35.8
533,17031580200,5496,0.9618,0.7993,0.9394,0.195,0.2,82.2,11.7,0.0,13.4,19.4,15.8,40.9,36.1
534,17031580300,2733,0.9137,0.5884,0.9433,0.047,0.3,79.7,13.2,0.0,14.1,16.6,14.7,38.2,35.1
535,17031580400,8795,0.8678,0.4752,0.916,0.4422,0.1,77.5,13.2,0.0,14.2,15.8,14.5,35.6,34.6
536,17031580501,9034,0.9264,0.6475,0.9153,0.8396,0.0,80.1,10.3,0.0,14.3,17.5,15.5,38.7,35.2
537,17031580502,7183,0.9819,0.688,0.9335,0.5085,0.3,83.4,8.6,0.0,14.2,17.5,15.3,38.5,35.3
538,17031580600,7885,0.9616,0.7683,0.893,0.6103,2.6,76.4,8.4,0.0,14.8,15.2,14.8,34.7,34.2
539,17031580700,8203,0.9478,0.8226,0.9205,0.2592,3.9,77.3,8.5,0.0,14.3,17.4,15.3,37.9,35.2
540,17031580800,3730,0.9059,0.5751,0.9825,0.2131,0.0,97.6,1.2,0.0,15.0,17.5,15.7,38.8,35.1
541,17031590500,5111,0.7521,0.5817,0.8529,0.7274,3.2,42.6,31.9,0.0,14.1,14.8,14.4,31.5,33.8
542,17031590600,4598,0.7146,0.5842,0.8296,0.2498,0.0,52.6,22.1,0.0,14.7,14.2,14.7,31.7,33.4
543,17031590700,5521,0.7788,0.1373,0.9098,0.5153,0.9,70.4,18.4,0.0,14.3,15.4,14.8,33.5,34.3
544,17031600400,3879,0.8909,0.5378,0.7873,0.4702,6.3,3.9,58.0,0.0,10.1,15.8,12.2,33.2,34.9
545,17031600600,3658,0.948,0.5757,0.8462,0.2913,0.0,31.8,47.3,0.0,12.0,19.5,14.7,37.0,35.7
546,17031600700,3811,0.7841,0.5901,0.7847,0.4848,0.0,24.1,42.7,0.0,12.3,14.5,12.9,29.5,34.2
547,17031600900,6815,0.7777,0.2507,0.7307,0.5201,7.6,15.2,35.0,0.0,13.9,13.4,13.6,26.6,33.1
548,17031610300,14424,0.9985,0.623,0.9604,0.7967,4.7,86.0,5.1,0.0,14.4,19.7,16.2,40.8,36.5
549,17031610400,5166,0.9969,0.8927,0.9645,0.2523,2.0,95.1,0.0,0.0,14.3,19.4,15.9,41.9,36.2
550,17031610800,2300,0.6894,0.643,0.5273,0.217,0.0,23.9,3.0,0.0,16.1,17.6,17.3,25.6,33.6
551,17031611000,6148,,,,,,,,,10.9,27.8,17.3,44.6,45.5
552,17031611100,6331,,,,,,,,,13.9,20.0,15.4,40.9,38.6
553,17031611200,9933,0.9877,0.8772,0.9226,0.7651,14.9,76.0,0.6,0.0,13.0,24.3,16.3,45.6,40.4
554,17031611300,11381,0.9982,0.9965,0.9285,0.4326,2.6,90.0,0.0,0.0,13.9,20.7,16.1,42.6,37.9
555,17031611400,7338,0.9974,0.744,0.9691,0.7514,0.9,95.8,0.0,0.0,14.7,19.3,16.0,40.8,37.0
556,17031611500,6554,0.9987,0.9209,0.9401,0.9156,10.9,83.2,0.3,0.0,12.6,20.3,15.3,45.5,37.5
557,17031611600,6231,0.9775,0.8425,0.9933,0.4089,55.5,42.5,0.5,0.0,12.2,24.3,15.4,41.2,44.1
558,17031611700,10153,0.9993,0.4125,0.9959,0.529,31.8,68.2,0.0,0.0,11.8,25.7,16.3,43.5,44.0
559,17031611800,10374,0.9501,0.3926,0.9959,0.1681,63.5,36.0,0.5,0.0,12.9,20.3,14.4,35.1,43.3
560,17031611900,14829,0.9752,0.9398,0.9691,0.2528,63.4,34.2,0.0,0.0,11.1,28.5,16.5,44.5,46.4
561,17031612000,8012,0.9526,0.4448,0.955,0.6363,89.3,6.1,0.6,0.0,10.5,23.0,15.1,38.8,44.7
562,17031612100,6994,0.9726,0.9726,0.9959,0.5753,83.6,16.4,0.0,0.0,10.2,23.0,14.8,39.7,44.5
563,17031620100,9326,0.6746,0.6716,0.9205,0.1771,0.0,86.5,5.1,0.0,15.5,12.5,14.0,29.9,32.7
564,17031620200,4558,0.7388,0.4743,0.7753,0.2226,0.0,63.3,2.7,0.0,15.5,13.0,14.5,28.6,31.9
565,17031620300,8620,0.8898,0.867,0.8627,0.8132,1.3,79.2,1.5,0.2,14.5,17.1,16.2,34.8,34.1
566,17031620400,5660,0.8835,0.8715,0.9249,0.3594,0.7,88.7,2.5,0.0,15.4,13.0,14.3,31.2,32.9
567,17031630100,4385,,,,,,,,,13.9,18.7,15.1,38.6,38.1
568,17031630200,3982,,,,,,,,,15.9,15.1,14.5,34.1,34.4
569,17031630300,11220,0.921,0.6612,0.9497,0.7049,0.4,94.1,0.9,0.0,15.6,14.5,14.4,34.2,34.1
570,17031630400,8569,0.9947,0.6262,0.9584,0.5044,1.3,94.6,0.5,0.0,14.6,18.6,15.9,40.9,36.3
571,17031630500,9642,0.904,0.7796,0.9734,0.8992,0.3,97.7,0.0,0.0,15.1,15.9,14.8,36.7,34.8
572,17031630800,10316,0.9745,0.6366,0.9645,0.4577,1.8,95.1,0.2,0.0,15.1,15.4,14.9,35.3,34.8
573,17031630900,7475,0.9053,0.7227,0.9249,0.8669,6.9,83.5,1.5,0.0,14.9,17.0,15.5,38.2,35.6
574,17031640100,3239,0.7748,0.4086,0.8606,0.4548,2.1,77.6,0.0,0.0,15.7,14.7,15.4,28.7,33.4
575,17031640300,7982,0.7686,0.2968,0.7621,0.4649,3.5,59.3,0.0,1.0,15.5,14.3,15.8,26.2,32.1
576,17031640400,4098,0.5812,0.7015,0.6181,0.2031,3.7,35.4,0.0,0.0,15.3,15.5,16.2,26.6,31.9
577,17031640500,2807,0.4197,0.2626,0.6652,0.1901,0.7,46.8,1.5,0.0,15.9,12.5,15.4,22.5,30.8
578,17031640600,4977,0.8173,0.592,0.7332,0.2508,2.7,54.7,1.5,0.0,14.9,17.3,17.0,29.7,33.3
579,17031640700,4453,0.8386,0.7721,0.8024,0.4329,1.6,69.4,0.0,0.0,14.9,16.8,16.3,30.9,33.8
580,17031640800,2513,0.5677,0.4808,0.8534,0.0634,2.7,76.3,1.4,0.0,15.3,12.5,14.2,28.6,32.3
581,17031650100,7147,0.9643,0.6026,0.8702,0.7107,0.5,82.7,0.0,0.0,14.0,19.0,15.9,40.1,36.1
582,17031650200,8756,0.7977,0.7199,0.8692,0.2669,0.0,83.3,0.0,0.0,14.8,15.7,15.2,33.5,33.8
583,17031650301,7233,0.8107,0.8092,0.8786,0.57,2.0,81.3,0.6,0.6,15.9,12.8,14.5,28.8,32.5
584,17031650302,6376,0.8838,0.577,0.9613,0.1002,0.0,96.5,0.0,0.0,14.6,17.1,15.6,37.1,34.9
585,17031650400,8171,0.9845,0.7478,0.953,0.518,2.4,92.9,0.7,0.0,14.7,15.4,14.8,35.3,34.6
586,17031650500,17290,0.6414,0.662,0.8675,0.6555,11.7,70.6,0.0,0.0,14.7,13.1,14.0,29.8,33.9
587,17031660301,7651,0.9778,0.9418,0.9633,0.6242,31.6,64.9,0.0,0.0,13.2,22.4,16.0,41.9,40.7
588,17031660302,11665,0.9899,0.8564,0.9909,0.2543,23.3,76.0,0.0,0.0,14.1,19.8,15.8,39.5,38.2
589,17031660400,9000,0.9947,0.7806,0.9505,0.5582,1.6,94.0,0.0,0.0,15.0,17.0,15.6,36.8,35.3
590,17031660500,11437,0.9925,0.7347,0.9505,0.4697,5.3,89.6,0.7,0.0,14.1,18.1,15.4,38.5,36.4
591,17031660600,27496,0.9832,0.8983,0.9825,0.7213,38.0,59.9,0.0,0.0,12.5,22.9,16.0,39.6,42.8
592,17031660700,12875,0.9867,0.9425,0.9959,0.7854,88.5,11.2,0.3,0.0,10.5,24.9,15.6,40.1,45.9
593,17031660800,19397,0.974,0.8994,0.9746,0.5966,48.5,46.4,0.8,0.0,12.3,21.9,15.8,38.1,42.3
594,17031660900,23365,0.9377,0.8584,0.9622,0.8347,78.3,14.8,0.4,0.0,10.8,23.8,15.8,39.5,45.1
595,17031661000,21306,0.9818,0.97,0.9779,0.3894,69.6,22.6,0.0,0.0,10.6,22.0,15.2,37.6,44.4
596,17031661100,10359,0.9335,0.4507,0.9596,0.1621,34.1,58.1,0.3,0.0,13.7,17.7,14.9,33.2,39.5
597,17031670100,10272,0.977,0.7003,0.9613,0.0869,72.8,24.0,0.0,0.0,10.1,27.1,16.4,42.8,46.5
598,17031670200,10730,0.9594,0.2159,0.9575,0.6189,95.2,0.7,0.0,0.5,10.4,25.5,15.5,41.6,46.3
599,17031670300,9662,0.9342,0.8549,0.9505,0.6021,78.3,13.5,0.7,0.0,10.7,22.1,15.1,36.9,45.0
600,17031670400,9260,0.9654,0.9767,0.9959,0.243,85.1,14.9,0.0,0.0,10.6,25.9,15.6,42.2,45.9
601,17031670500,8026,0.9716,0.963,0.9959,0.3432,76.6,22.2,0.0,1.2,10.7,23.9,15.3,39.5,45.6
602,17031670600,8321,0.9819,0.9935,0.9909,0.2753,79.6,19.9,0.0,0.0,10.6,22.8,14.7,39.0,45.5
603,17031670700,13615,0.9752,0.7557,0.9933,0.8018,59.0,40.7,0.0,0.0,9.4,28.3,16.2,46.3,47.9
604,17031670800,11618,0.983,0.6951,0.9959,0.7226,97.7,2.3,0.0,0.0,9.4,25.7,15.4,44.0,45.9
605,17031670900,8797,0.7896,0.7462,0.9622,0.2807,86.7,5.7,0.0,0.0,10.3,19.7,13.8,36.4,44.0
606,17031671100,8419,0.9442,0.8593,0.9885,0.0818,94.7,1.2,0.0,0.0,10.4,23.4,14.7,40.2,45.5
607,17031671200,11492,0.9057,0.9145,0.9691,0.5987,97.6,0.0,0.0,0.0,10.2,27.2,15.9,43.9,47.1
608,17031671300,15051,0.9406,0.6988,0.9959,0.3479,94.3,5.7,0.0,0.0,10.1,24.9,15.6,41.4,46.4
609,17031671400,10615,0.9807,0.8696,0.9959,0.1621,66.5,13.7,0.0,0.0,10.5,23.4,14.8,39.7,45.5
610,17031671500,22186,0.867,0.821,0.9862,0.5401,87.5,11.5,0.0,0.0,10.1,24.4,15.3,41.0,46.0
611,17031671600,15379,0.9696,0.7872,0.9448,0.7672,94.0,0.0,0.7,0.0,9.6,25.9,15.6,44.0,46.6
612,17031671800,7351,0.7833,0.9941,0.9922,0.5216,96.8,2.5,0.0,0.0,10.0,23.7,15.0,41.4,45.8
613,17031671900,5300,0.8759,0.8679,0.9558,0.2972,66.8,26.7,0.0,0.0,10.1,20.8,14.3,37.6,44.0
614,17031672000,18426,0.8499,0.9073,0.9873,0.4838,97.3,0.4,0.0,0.0,10.2,20.7,14.3,36.6,44.1
615,17031680500,10025,0.9906,0.9895,0.9613,0.1489,76.1,20.7,0.0,0.0,9.8,25.5,15.7,42.4,46.7
616,17031680600,10002,0.9655,0.5232,0.9943,0.3095,99.6,0.0,0.2,0.0,10.2,26.6,16.1,42.9,46.5
617,17031680900,28057,0.9951,0.9368,0.9734,0.686,91.4,0.5,2.3,0.0,9.1,27.2,16.6,45.1,46.7
618,17031681000,21290,0.9745,0.3403,0.9896,0.4636,94.3,1.5,0.0,0.0,8.9,31.2,17.0,49.0,48.5
619,17031681100,23962,0.9657,0.7457,0.9933,0.4632,96.5,2.5,0.0,0.0,9.8,24.6,16.1,41.1,45.8
620,17031681200,18408,0.9816,0.8752,0.9575,0.7854,88.4,0.6,0.0,0.3,9.6,27.8,17.0,44.2,47.5
621,17031681300,17823,0.9946,0.719,0.9896,0.8505,97.2,0.6,1.7,0.0,10.0,25.8,16.1,41.9,47.0
622,17031681400,17855,0.9042,0.9464,0.9959,0.4192,94.0,2.5,0.0,3.5,10.8,19.3,14.4,34.8,44.2
623,17031690300,13530,0.8956,0.9577,0.9613,0.8698,95.6,0.8,0.0,0.3,8.7,23.8,15.0,43.8,45.6
624,17031690400,21273,0.9601,0.3451,0.9959,0.7805,98.7,0.9,0.0,0.0,10.1,20.7,14.9,36.3,44.8
625,17031690500,6288,0.8846,0.5946,0.9959,0.2042,100.0,0.0,0.0,0.0,9.4,24.4,15.6,41.8,45.6
626,17031690900,19095,0.8851,0.8362,0.9896,0.3644,93.4,1.7,0.0,0.0,10.3,19.4,14.3,34.7,44.2
627,17031691000,13061,0.7691,0.6146,0.9943,0.8337,99.0,0.9,0.0,0.0,10.0,16.9,13.2,32.7,42.7
628,17031691100,18127,0.879,0.71,0.9702,0.8946,94.0,0.9,0.0,0.0,9.9,22.8,15.2,39.0,45.7
629,17031691200,22210,0.9536,0.6578,0.9922,0.9179,99.0,0.0,0.0,0.0,10.1,23.7,15.6,39.8,46.4
630,17031691300,12123,0.8499,0.517,0.9959,0.2125,88.1,10.0,0.0,0.0,9.5,16.5,12.8,33.5,42.1
631,17031691400,17279,0.8972,0.9046,0.9959,0.1852,95.4,1.4,0.9,0.0,9.8,17.8,13.6,34.4,43.3
632,17031691500,16537,0.9544,0.8601,0.9645,0.4462,94.7,2.3,0.0,0.0,9.3,24.6,15.6,42.3,46.1
633,17031700100,10344,0.8544,0.486,0.9885,0.2132,61.2,36.1,0.2,0.0,13.1,17.8,14.7,31.8,40.6
634,17031700200,9057,0.8413,0.8036,0.9199,0.2699,16.9,71.9,1.7,0.0,15.0,14.3,14.6,30.4,34.7
635,17031700301,6053,0.8372,0.6418,0.8479,0.2845,5.5,72.4,0.7,0.3,15.1,14.3,14.9,29.5,33.3
636,17031700302,5564,0.7466,0.7237,0.8276,0.2245,16.5,58.9,0.0,0.0,14.0,14.7,15.3,29.3,33.6
637,17031700401,12899,0.8815,0.4942,0.9584,0.4054,53.4,38.9,1.5,0.0,13.4,15.8,14.3,29.1,39.2
638,17031700402,5374,0.8122,0.6956,0.922,0.2351,62.3,28.9,0.1,0.0,12.4,18.1,14.7,31.6,40.4
639,17031700501,14137,0.4691,0.44,0.9613,0.4401,89.8,3.5,1.5,0.0,11.7,14.3,12.6,26.8,41.0
640,17031700502,4121,0.5849,0.5931,0.9285,0.6872,80.7,10.8,0.0,0.0,10.7,12.0,12.2,25.8,38.7
641,17031710100,7801,0.7807,0.3127,0.9959,0.3195,95.1,4.2,0.0,0.0,10.1,27.7,15.5,43.3,47.7
642,17031710200,25091,0.8538,0.9538,0.9734,0.725,97.1,0.0,0.2,0.0,9.9,21.9,15.1,38.6,45.1
643,17031710300,8311,0.7628,0.5573,0.9959,0.5407,87.8,7.9,0.0,2.3,10.1,20.2,14.6,36.5,44.6
644,17031710400,21984,0.8561,0.7736,0.9885,0.3004,94.1,4.6,0.0,0.0,10.2,19.0,14.1,34.3,43.7
645,17031710500,18972,0.8661,0.8741,0.9943,0.5015,95.6,1.9,0.3,0.0,10.0,20.2,14.5,36.1,44.8
646,17031710600,11235,0.8943,0.8425,0.9613,0.5058,91.5,0.0,0.0,0.0,10.0,21.9,14.9,38.3,45.2
647,17031710700,14427,0.8171,0.6809,0.9922,0.8299,99.3,0.3,0.0,0.0,9.7,21.3,14.4,38.6,44.7
648,17031710800,24562,0.9595,0.791,0.9952,0.5935,98.9,0.1,0.9,0.0,9.4,20.3,14.3,38.2,44.0
649,17031710900,15886,0.8436,0.6643,0.9959,0.6229,93.9,4.8,0.0,0.0,9.9,20.7,14.9,36.2,44.7
650,17031711000,15460,0.8884,0.761,0.9401,0.5197,92.6,0.0,1.5,0.0,9.7,21.3,14.6,38.4,44.6
651,17031711100,12713,0.7924,0.4552,0.9959,0.409,97.3,2.4,0.0,0.3,10.1,17.0,13.1,32.9,42.3
652,17031711200,13896,0.8625,0.9009,0.9933,0.2016,84.3,12.3,0.0,0.0,9.2,18.0,13.5,34.9,42.8
653,17031711300,5447,0.853,0.8257,0.9633,0.5359,96.8,0.0,0.2,0.0,10.5,17.6,14.2,32.1,43.0
654,17031711400,13108,0.8678,0.7652,0.9952,0.1669,93.6,5.0,0.0,0.0,10.0,18.4,13.5,35.1,43.2
655,17031711500,9331,0.8453,0.8847,0.9959,0.1634,99.4,0.4,0.0,0.0,9.7,19.0,13.7,36.4,43.6
656,17031720100,6513,0.2496,0.1474,0.6007,0.0393,25.1,11.0,2.1,0.0,13.6,8.3,13.0,16.8,30.4
657,17031720200,6022,0.2687,0.678,0.71,0.2068,47.6,4.9,0.5,0.0,13.1,11.5,13.5,21.2,35.4
658,17031720300,3940,0.096,0.1708,0.6216,0.0878,32.6,5.9,0.5,0.0,13.8,9.6,13.8,18.2,31.0
659,17031720400,2061,0.0462,0.058,0.1952,0.052,5.5,4.6,0.2,0.0,17.2,10.6,15.4,16.8,29.6
660,17031720500,2073,0.0268,0.0497,0.2515,0.0477,1.8,11.2,0.5,0.0,17.0,9.2,15.2,14.9,28.4
661,17031720600,2043,0.1134,0.097,0.554,0.1069,32.8,2.3,0.0,0.0,15.2,9.0,14.2,16.0,29.4
662,17031720700,5330,0.1089,0.0983,0.8218,0.2638,59.1,1.8,2.2,0.0,13.4,13.2,14.2,22.8,36.9
663,17031730100,7154,0.8108,0.8771,0.9691,0.3088,96.5,0.5,0.0,0.0,9.3,14.8,12.6,31.9,41.0
664,17031730201,19679,0.9022,0.3646,0.9779,0.6586,92.8,4.8,0.5,0.0,9.8,18.2,13.9,34.4,43.5
665,17031730202,7944,0.6489,0.5811,0.9848,0.3179,98.3,0.2,0.3,0.0,9.9,13.1,11.9,29.0,40.4
666,17031730300,4794,0.9048,0.8983,0.9959,0.4622,98.8,0.0,1.2,0.0,10.4,18.1,13.9,33.1,43.3
667,17031730400,13511,0.5052,0.4273,0.9491,0.4149,90.9,2.4,0.0,0.2,9.7,15.1,12.8,31.0,41.1
668,17031730500,14693,0.8019,0.5465,0.9933,0.1528,97.7,0.0,0.0,0.0,9.5,17.4,13.1,34.8,42.7
669,17031730600,10733,0.6855,0.6926,0.9848,0.1543,97.8,0.3,0.0,0.3,9.2,16.3,12.9,33.6,41.6
670,17031730700,12329,0.864,0.7292,0.9848,0.1349,95.4,0.7,0.0,0.0,9.8,18.5,13.7,34.8,43.0
671,17031740100,3982,0.3571,0.7937,0.2972,0.4123,0.0,14.3,1.4,0.0,17.3,14.7,16.8,20.9,31.6
672,17031740200,3839,0.1309,0.2,0.3508,0.6089,1.6,9.0,1.6,0.0,16.8,11.4,16.4,18.7,29.9
673,17031740300,4020,0.0818,0.0779,0.2386,0.3643,1.3,10.8,0.0,0.0,18.0,11.2,15.7,16.8,29.5
674,17031740400,4600,0.1218,0.1023,0.4399,0.5242,10.0,9.8,3.6,0.0,17.2,11.8,15.5,18.2,31.0
675,17031750100,13093,0.7255,0.1021,0.9249,0.367,90.1,1.7,0.5,0.0,9.5,16.0,13.1,33.1,41.7
676,17031750200,5402,0.2935,0.14,0.8076,0.3802,62.7,8.3,0.0,0.0,12.6,10.2,13.3,20.2,34.8
677,17031750300,3002,0.0304,0.414,0.2024,0.1159,4.2,2.9,1.0,0.0,16.9,10.2,15.2,16.3,29.4
678,17031750400,4029,0.1273,0.0367,0.589,0.0468,27.9,6.9,1.2,0.7,15.6,11.2,14.7,18.7,32.2
679,17031750500,19302,0.7865,0.9265,0.8445,0.7298,68.7,4.3,0.2,0.0,10.8,13.3,12.8,27.6,37.7
680,17031750600,16656,0.7479,0.7487,0.9734,0.724,89.0,3.6,0.0,0.0,10.1,16.6,13.2,32.8,42.5
681,17031760801,4007,0.5974,0.2897,0.7013,0.6011,5.7,9.5,35.2,0.0,16.4,12.3,15.2,19.5,31.6
682,17031760802,1188,0.5723,0.6232,0.2154,0.5071,0.0,10.8,0.7,0.0,12.4,13.7,15.7,25.5,29.6
683,17031760803,5577,0.6722,0.3531,0.4016,0.5789,10.2,6.1,5.3,0.0,16.6,16.5,17.3,23.6,32.8
684,17031770602,98,0.8697,0.6093,0.7353,0.9828,1.4,46.7,9.2,0.0,13.8,15.8,15.2,30.9,32.7
685,17031770902,866,0.523,0.5339,0.2641,0.6886,0.0,5.4,5.1,0.0,14.7,13.5,15.9,23.2,30.2
686,17031810400,1328,0.0602,0.1857,0.1461,0.1505,1.2,1.4,2.4,0.0,15.1,10.0,14.8,17.9,27.9
687,17031821402,69,0.5257,0.8157,0.9779,0.4955,96.7,0.0,0.0,0.0,11.2,15.9,13.3,29.3,42.2
688,17031823304,164,0.7036,0.788,0.6741,0.8109,24.4,22.9,1.3,0.0,14.9,15.5,16.0,25.6,33.9
689,17031830500,8183,0.9564,0.7807,0.9836,0.397,0.0,98.9,0.0,0.0,14.2,18.3,15.9,41.3,35.7
690,17031830600,11269,0.8332,0.4498,0.7727,0.9756,20.9,31.5,6.9,0.2,16.0,15.5,15.4,26.0,34.6
691,17031830700,24433,0.6803,0.1817,0.7459,0.9657,37.9,11.6,10.2,0.0,15.8,15.4,14.9,23.8,35.4
692,17031830800,4079,0.2356,0.0093,0.435,0.346,1.7,16.2,6.8,0.0,20.3,8.3,15.6,12.9,29.3
693,17031830900,13866,0.1319,0.0208,0.5133,0.5391,2.7,22.8,5.5,0.0,18.9,9.6,14.3,16.9,29.8
694,17031831000,5396,0.0486,0.0088,0.2626,0.2969,0.8,8.6,3.4,0.0,21.4,6.8,14.7,10.5,27.6
695,17031831100,16579,0.8232,0.2469,0.7556,0.6285,1.0,56.9,4.3,0.0,15.2,15.8,15.7,30.0,33.4
696,17031831200,9108,0.9354,0.8135,0.938,0.7318,5.0,87.2,1.9,0.0,14.2,16.5,15.3,38.0,34.9
697,17031831300,11392,0.9747,0.9598,0.9734,0.3266,42.3,53.4,2.3,0.0,14.2,13.6,13.2,27.8,37.5
698,17031831400,18198,0.9561,0.7369,0.8804,0.7572,57.6,23.9,2.9,0.0,11.3,20.6,14.5,36.0,41.8
699,17031831500,11055,0.8618,0.6946,0.783,0.6756,6.5,56.9,2.4,0.0,15.1,15.5,15.7,29.8,33.9
700,17031831600,10929,0.7631,0.8814,0.8312,0.7597,5.3,66.1,1.6,0.9,13.9,15.8,15.3,33.0,33.9
701,17031831700,7912,0.8488,0.4533,0.7093,0.6782,1.7,46.3,7.0,0.0,15.4,14.0,15.2,26.4,32.4
702,17031831800,9253,0.6425,0.2143,0.6935,0.8315,1.6,20.7,24.8,0.0,14.5,12.3,14.3,23.6,32.1
703,17031831900,3652,0.0272,0.0027,0.3739,0.6119,1.2,10.7,5.8,0.0,21.6,7.3,16.1,11.2,27.5
704,17031832000,8749,0.2089,0.0019,0.4399,0.6933,3.7,5.9,11.0,0.0,22.5,9.2,16.3,12.8,29.0
705,17031832100,5621,0.3907,0.0542,0.6628,0.6915,34.8,8.4,2.9,0.0,19.8,9.1,15.5,14.5,30.0
706,17031832200,5276,0.0674,0.0035,0.3921,0.4858,0.4,12.3,3.8,0.0,20.7,8.3,15.7,12.8,28.1
707,17031832300,8509,0.1103,0.0197,0.578,0.4793,5.3,19.8,7.7,0.0,21.2,8.8,15.2,13.2,29.0
708,17031832400,6190,0.2269,0.0339,0.5683,0.4572,5.2,24.9,6.9,0.0,19.1,8.5,14.0,16.1,29.0
709,17031832500,10373,0.171,0.1117,0.3478,0.9538,4.4,7.8,3.2,0.0,18.4,9.0,15.8,15.4,27.9
710,17031832600,11353,0.141,0.0183,0.1912,0.3725,0.0,3.6,4.4,0.0,21.0,6.9,15.9,10.8,27.2
711,17031832900,2669,0.5027,0.0302,0.5186,0.4712,2.3,1.5,28.0,0.0,16.5,8.2,14.8,16.8,29.0
712,17031833000,23710,0.2575,0.0079,0.454,0.7358,8.3,3.8,10.2,0.0,19.6,8.5,14.6,12.8,30.1
713,17031833100,15810,0.1933,0.0178,0.5762,0.9533,9.4,4.6,22.3,0.0,19.0,9.5,14.6,14.4,30.8
714,17031833300,3819,0.6705,0.013,0.7409,0.8412,5.9,8.0,36.1,0.0,14.6,11.0,15.2,22.4,31.4
715,17031833900,13377,0.9864,0.8278,0.9873,0.7095,51.6,45.0,1.6,0.6,11.4,20.0,15.6,41.2,40.0
716,17031834000,17787,0.8773,0.6776,0.9922,0.6091,92.7,0.0,0.0,0.0,10.6,19.5,14.6,34.5,44.3
717,17031834200,29643,0.6764,0.6212,0.9959,0.3704,99.3,0.2,0.0,0.0,10.8,14.4,12.8,28.4,41.5
718,17031834300,23124,0.7612,0.6655,0.9885,0.6791,95.3,0.0,2.0,0.0,9.5,15.1,12.7,31.3,41.0
719,17031834400,11217,0.7313,0.7092,0.9836,0.8609,95.6,1.9,0.0,0.0,11.8,15.6,13.9,27.2,41.6
720,17031834500,9821,0.8701,0.5533,0.9933,0.5543,89.2,0.0,0.0,0.0,11.6,22.1,15.8,34.8,46.1
721,17031834600,23948,0.9574,0.8304,0.979,0.7917,80.8,17.7,0.0,0.0,10.1,25.5,15.3,42.3,46.4
722,17031834700,17790,0.9931,0.6142,0.9862,0.6136,96.4,2.4,0.4,0.0,9.6,27.0,16.3,44.1,46.8
723,17031834800,13881,0.9862,0.8981,0.9952,0.5798,91.7,7.3,0.2,0.7,9.6,22.7,15.0,40.2,45.2
724,17031834900,15543,0.9664,0.7409,0.9848,0.902,96.0,0.1,0.0,0.0,9.0,28.5,16.4,46.9,46.8
725,17031835000,30474,0.9878,0.9348,0.9756,0.715,41.7,54.1,2.3,0.0,11.7,23.0,15.4,41.3,43.0
726,17031835100,15245,0.973,0.879,0.9873,0.7022,18.5,79.9,0.6,0.0,14.4,17.5,15.3,36.9,36.9
727,17031835200,5467,0.8111,0.5728,0.8251,0.7394,3.8,67.3,4.1,0.0,15.5,15.7,15.9,29.0,33.0
728,17031835500,10631,0.9643,0.9502,0.9464,0.8504,90.9,2.2,0.0,0.0,9.0,24.3,14.7,42.8,45.1
729,17031835600,13313,0.8899,0.7582,0.9959,0.5631,86.6,12.6,0.1,0.0,11.0,19.5,13.8,36.1,43.3
730,17031835700,5101,,,,,,,,,,,,,
731,17031835800,8383,0.7962,0.3309,0.9959,0.4687,85.2,10.7,0.0,0.0,11.3,21.0,15.4,33.1,44.7
732,17031835900,15524,,,,,,,,,9.8,21.0,14.9,37.4,43.9
733,17031836000,8975,0.6743,0.5329,0.9691,0.4263,94.9,1.2,0.0,0.0,11.6,15.9,13.9,27.8,42.7
734,17031836100,14329,0.949,0.8668,0.955,0.8352,79.8,5.1,0.0,0.0,11.2,22.7,15.7,36.2,45.5
735,17031836200,6342,0.3894,0.0108,0.6323,0.7235,7.8,12.9,23.1,0.0,19.3,8.8,17.9,17.4,30.2
736,17031836300,2800,0.699,0.3074,0.7137,0.6519,44.4,1.6,4.5,0.0,13.3,10.6,13.5,21.1,36.1
737,17031836400,8532,0.6798,0.6856,0.9604,0.4509,85.1,8.8,0.7,0.0,10.2,17.7,14.2,31.9,42.7
738,17031836500,5223,0.8524,0.5877,0.9104,0.3235,87.8,0.9,0.0,0.2,11.7,18.0,14.8,29.7,43.5
739,17031836600,15997,0.7016,0.7236,0.8539,0.8537,25.3,53.6,1.6,0.0,13.3,15.8,14.7,32.0,37.3
740,17031836700,16554,0.8724,0.8328,0.9473,0.8155,69.7,25.5,0.0,0.0,10.6,24.2,16.5,40.2,45.0
741,17031836800,19405,0.9997,0.7257,0.9186,0.9209,91.3,0.0,0.0,0.0,9.7,32.1,17.4,48.4,47.9
742,17031836900,8737,0.9656,0.8437,0.9071,0.4693,77.0,9.2,1.3,0.0,11.1,25.2,16.9,39.3,45.6
743,17031837000,17757,0.9522,0.5026,0.9153,0.9588,75.7,9.2,0.0,0.0,10.6,24.2,16.5,38.6,45.6
744,17031837100,11901,0.9372,0.8441,0.882,0.7051,69.2,10.3,1.9,0.7,10.6,20.4,14.7,36.9,42.3
745,17031837300,12848,0.9342,0.7019,0.955,0.8101,90.3,2.6,2.6,0.0,11.9,24.7,15.1,38.6,45.7
746,17031837400,14356,0.8968,0.8344,0.9416,0.8142,83.6,8.4,0.5,0.0,11.4,23.9,15.5,37.5,44.9
747,17031837800,21332,0.6749,0.2176,0.8362,0.7175,60.0,7.1,7.8,0.0,14.2,17.9,14.6,27.9,41.4
748,17031838000,13131,0.7767,0.8177,0.8754,0.6702,56.5,17.1,1.5,0.0,11.5,16.7,14.5,31.0,39.6
749,17031838100,12496,0.9248,0.2827,0.8091,0.8909,53.0,10.2,9.1,0.0,10.5,20.6,14.3,36.1,39.3
750,17031838200,10197,0.4994,0.0577,0.789,0.5767,32.5,18.0,15.9,0.0,16.5,8.8,14.6,18.3,30.9
751,17031838300,12526,0.1964,0.0059,0.6723,0.9559,23.7,4.0,18.5,0.0,15.2,10.8,13.9,19.8,34.6
752,17031838600,9280,0.966,0.8814,0.9713,0.9952,82.2,12.1,0.0,0.0,10.1,32.5,17.6,49.3,48.2
753,17031838700,32244,0.9677,0.9864,0.9746,0.639,83.9,14.2,0.0,0.0,10.4,26.4,16.6,41.8,46.8
754,17031838800,14542,0.8798,0.9854,0.9672,0.4006,60.4,36.3,0.0,0.0,11.0,20.6,15.7,40.6,40.4
755,17031839000,15597,0.3192,0.0206,0.5949,0.9343,9.1,12.4,15.3,0.4,17.9,8.8,15.0,15.4,29.9
756,17031839100,84489,0.312,0.01,0.662,0.9957,9.4,10.2,26.6,0.1,19.3,8.6,14.3,14.4,29.9
757,17031839200,13102,0.7295,0.4371,0.8898,0.8908,55.8,2.4,15.5,0.0,10.4,14.1,13.1,28.6,38.5
758,17031839500,6973,0.7545,0.764,0.8597,0.7454,53.7,13.8,4.2,0.0,9.0,13.6,12.8,31.8,37.2
759,17031839600,11638,0.822,0.8697,0.9482,0.8232,85.2,8.9,0.0,0.0,9.2,15.3,12.3,33.5,40.3
760,17031839700,7421,0.7334,0.3522,0.784,0.4637,1.2,36.8,28.3,0.4,14.6,13.1,14.4,25.6,31.9
761,17031839800,4070,0.8115,0.3952,0.6611,0.5258,2.8,20.1,24.9,0.0,13.4,12.5,13.6,25.0,31.7
762,17031839900,7120,0.5535,0.2722,0.6684,0.4636,1.5,27.3,18.7,0.0,15.8,13.2,15.3,23.0,31.6
763,17031840000,3177,0.5369,0.6205,0.7504,0.3479,0.9,15.8,44.7,0.0,13.3,13.0,13.5,25.2,32.1
764,17031840100,3205,0.8027,0.301,0.8103,0.656,0.1,9.4,60.7,0.0,10.3,15.2,11.5,31.9,34.8
765,17031840200,5747,0.789,0.7622,0.8513,0.7047,0.6,16.1,61.8,0.0,10.6,14.9,11.5,31.8,34.7
766,17031840300,7648,0.834,0.4738,0.9145,0.7116,2.6,54.9,33.2,0.0,13.6,15.4,14.0,33.1,34.2
767,17031840400,8892,0.8994,0.4231,0.8766,0.6971,0.0,39.3,45.3,0.0,12.1,15.5,13.1,33.5,34.1
768,17031840700,11946,0.7949,0.5987,0.864,0.7148,1.5,78.3,1.5,0.0,15.1,16.6,15.2,35.6,34.7
769,17031840800,6080,0.9872,0.829,0.9769,0.4519,1.0,97.3,0.0,0.0,13.6,20.2,16.5,44.8,36.7
770,17031841000,21514,0.289,0.7551,0.7917,0.5602,37.6,4.3,24.4,0.0,12.3,10.8,12.5,22.1,35.3
771,17031841100,13549,0.7864,0.8911,0.9026,0.8354,1.4,2.4,84.9,0.0,6.5,18.1,9.8,42.4,36.7
772,17031841200,9994,0.7058,0.7987,0.8831,0.3891,5.6,76.4,3.1,0.3,15.5,12.6,14.5,29.6,32.4
773,17031841300,10002,0.8058,0.4778,0.8588,0.6957,2.9,72.0,2.9,0.0,15.9,12.0,14.1,28.1,31.8
774,17031841400,8073,,,,,,,,,12.3,18.8,14.4,32.0,44.0
775,17031841500,20711,0.919,0.7009,0.9811,0.8269,95.1,3.1,0.5,0.0,10.5,23.8,16.3,38.6,46.0
776,17031841600,5017,,,,,,,,,10.9,23.9,15.6,38.5,45.0
777,17031841700,6733,0.9956,0.8998,0.9306,0.7103,49.8,42.5,0.0,0.0,8.6,26.0,15.8,50.3,41.5
778,17031841800,15840,0.8371,0.9233,0.9848,0.6101,94.8,3.2,0.0,0.0,10.5,19.6,14.4,34.6,44.2
779,17031841900,27292,0.4471,0.016,0.6827,0.9503,17.4,11.4,19.5,0.4,17.7,10.8,15.7,17.7,32.6
780,17031842000,6719,0.6537,0.107,0.7704,0.923,32.1,8.7,22.7,0.0,15.9,10.5,13.4,22.8,33.4
781,17031842100,27220,0.9686,0.9011,0.9682,0.5896,52.1,44.6,0.4,0.0,12.1,20.5,15.2,37.9,41.4
782,17031842200,30757,0.2083,0.157,0.5853,0.8129,13.3,7.0,9.8,0.0,16.8,10.3,14.4,17.3,32.5
783,17031842300,16865,0.234,0.0046,0.5089,0.8654,14.4,9.4,6.7,0.0,18.8,9.1,14.4,14.6,30.6
784,17031842400,32758,0.8841,0.9044,0.9885,0.4583,95.8,0.3,2.0,0.0,9.8,16.6,13.0,33.3,42.2
785,17031842500,11307,0.908,0.6202,0.9952,0.512,98.8,1.1,0.0,0.0,9.9,29.1,19.1,44.6,48.4
786,17031842600,15969,0.4105,0.6275,0.6297,0.4821,7.8,29.6,5.0,0.0,15.3,14.8,15.4,26.3,32.6
787,17031842800,16897,0.9132,0.8825,0.9448,0.2687,0.0,89.6,4.9,0.0,13.8,20.8,16.3,43.4,36.6
788,17031842900,25449,0.8566,0.8318,0.8948,0.7113,62.4,6.4,12.4,0.0,10.4,23.4,16.6,40.8,43.0
789,17031843000,30536,0.9276,0.9145,0.953,0.6119,91.9,2.0,0.0,0.0,9.2,27.6,16.5,45.8,47.0
790,17031843100,14251,0.8295,0.6796,0.8606,0.8388,63.7,16.1,0.0,0.0,11.0,22.9,14.9,37.4,45.1
791,17031843200,9250,0.7687,0.3779,0.8097,0.4438,3.6,67.3,0.0,0.0,16.2,12.9,14.2,29.5,32.6
792,17031843300,9565,0.9733,0.7557,0.9192,0.6089,64.3,25.7,1.2,0.0,12.2,22.3,15.4,38.6,42.5
793,17031843400,10777,0.8611,0.9657,0.9779,0.6341,69.9,28.5,0.0,0.0,10.2,24.9,15.4,42.5,45.7
794,17031843500,7573,0.9921,0.0693,0.9057,0.8659,64.7,24.4,0.3,0.0,16.5,30.4,14.7,39.8,44.9
795,17031843600,10927,0.8122,0.6282,0.9596,0.5586,87.4,6.1,0.3,0.0,11.0,15.7,13.9,28.2,41.5
796,17031843700,6785,0.2602,0.2865,0.5449,0.4138,2.6,21.5,7.5,0.0,17.7,11.8,15.6,18.9,30.3
797,17031843800,10742,0.8687,0.8145,0.8357,0.085,57.2,14.6,4.7,0.0,12.3,20.6,15.7,35.0,40.4
798,17031843900,17232,0.7918,0.5249,0.9425,0.8754,87.7,2.5,2.2,0.3,9.9,18.1,14.0,33.2,42.4
799,17031980000,28979,-999.0,-999.0,-999.0,-999.0,-999.0,-999.0,-999.0,-999.0,,,,,
800,17031980100,8496,-999.0,-999.0,-999.0,-999.0,-999.0,-999.0,-999.0,-999.0,,,,,
