,NAME10,Socioeconomic Status,Household Characteristics,Racial & Ethnic Minority Status,Housing Type & Transportation,Crime,EP_AFAM,EP_HISP,EP_ASIAN,EP_AIAN,SVI
0,101.0,0.7721,0.5522,0.7028,0.9275,13132,35.0,15.2,2.0,0.0,0.8544
1,102.01,0.7859,0.7549,0.7832,0.9966,10777,33.7,23.4,5.4,0.1,0.9681
2,102.02,0.9211,0.613,0.7866,0.9991,12830,32.5,26.3,6.3,0.0,0.9911
3,103.0,0.7681,0.2998,0.6767,0.9757,10431,29.2,15.0,2.4,0.1,0.84
4,104.0,0.6916,0.1262,0.5161,0.9721,7052,18.6,7.9,4.4,0.0,0.711
5,105.01,0.6821,0.1296,0.6773,0.8449,6044,33.9,7.7,6.3,0.0,0.644
6,105.02,0.7045,0.1247,0.6607,0.9644,4321,21.3,15.7,8.5,0.0,0.7331
7,105.03,0.7064,0.8157,0.5051,0.9416,3091,11.8,3.9,10.3,0.0,0.8553
8,106.0,0.6004,0.0313,0.6432,0.9257,10931,20.9,14.5,4.6,0.0,0.5405
9,107.01,0.7994,0.5817,0.7138,0.6987,4168,22.5,26.1,7.6,0.0,0.7776
10,107.02,0.899,0.6327,0.801,0.9567,8859,33.4,32.0,6.3,0.0,0.9472
11,201.0,0.8553,0.2973,0.8035,0.8848,5604,36.3,25.1,4.8,0.0,0.8342
12,202.0,0.629,0.5451,0.7178,0.6536,5535,8.0,26.9,16.7,0.0,0.6711
13,203.01,0.7386,0.9613,0.3675,0.8148,2508,2.3,5.6,10.4,0.2,0.8517
14,203.02,0.3971,0.7512,0.5041,0.8547,5252,4.5,11.4,11.5,0.0,0.6394
15,204.0,0.7482,0.1308,0.755,0.9407,4799,22.1,28.3,9.6,0.0,0.7512
16,205.0,0.9889,0.8176,0.8563,0.9432,9084,14.6,24.9,43.0,0.0,0.9871
17,206.01,0.8363,0.8937,0.5422,0.848,6619,6.6,4.3,17.3,1.0,0.8974
18,206.02,0.5995,0.4711,0.6957,0.7678,6450,11.5,20.7,19.9,0.0,0.672
19,207.01,0.6376,0.3572,0.502,0.2006,3757,5.8,13.2,9.8,0.0,0.4444
20,207.02,0.8213,0.8682,0.7056,0.9085,8538,6.1,28.0,20.9,0.0,0.9257
21,208.01,0.7254,0.2899,0.7286,0.8467,6198,11.6,24.2,16.3,0.0,0.7371
22,208.02,0.9671,0.8842,0.7964,0.73,9903,7.9,16.5,33.6,2.7,0.949
23,209.01,0.8609,0.4205,0.809,0.875,7866,20.3,22.8,27.8,0.0,0.86
24,209.02,0.8808,0.9536,0.7452,0.9985,4170,17.8,17.2,26.3,0.0,0.9969
25,301.01,0.8762,0.3366,0.7495,0.9545,3675,26.4,16.1,18.3,0.0,0.8885
26,301.02,0.7967,0.3517,0.7166,0.9549,3458,15.1,11.7,25.9,0.0,0.8514
27,301.03,0.5673,0.0307,0.6656,0.8166,2048,23.0,10.4,13.7,0.4,0.4659
28,301.04,0.7979,0.1668,0.627,0.9803,1855,8.6,8.5,25.5,0.3,0.8216
29,302.0,0.5246,0.0126,0.5177,0.7156,9428,4.0,22.1,3.2,0.0,0.3133
30,303.0,0.8366,0.3716,0.7492,0.7082,3210,17.6,28.0,13.7,0.5,0.7647
31,304.0,0.6404,0.0955,0.6512,0.6646,2811,3.7,33.1,3.4,0.9,0.5393
32,305.0,0.3378,0.1057,0.5781,0.7921,8664,5.1,19.8,6.8,0.0,0.4149
33,306.01,0.7724,0.57,0.7464,0.9825,4293,24.1,12.1,22.3,0.0,0.9063
34,306.03,0.7168,0.1603,0.6957,0.7853,3879,21.4,17.5,11.8,0.0,0.6615
35,306.04,0.5541,0.308,0.6687,0.9036,2981,21.3,7.1,16.2,0.0,0.6686
36,307.01,0.7801,0.1867,0.7123,0.9754,2163,32.9,8.4,14.1,0.0,0.8206
37,307.02,0.6818,0.5375,0.6546,0.7798,728,1.2,10.5,32.8,0.0,0.7257
38,307.06,0.6818,0.5375,0.6546,0.7798,3587,1.2,10.5,32.8,0.0,0.7257
39,307.03,0.7595,0.7319,0.6199,0.7374,4333,14.9,20.8,4.8,0.0,0.7902
40,308.0,0.3409,0.1655,0.502,0.6554,6871,4.6,15.1,9.6,0.0,0.3913
41,309.0,0.4564,0.0691,0.4971,0.5894,4189,6.2,10.6,9.8,0.0,0.3621
42,310.0,0.5304,0.0362,0.5665,0.785,4151,1.5,26.5,5.6,0.0,0.4309
43,311.0,0.465,0.0924,0.4581,0.8354,5641,4.4,9.0,8.7,0.0,0.4776
44,312.0,0.809,0.3464,0.7848,0.9994,11252,31.8,21.8,14.2,0.1,0.9567
45,313.0,0.6873,0.5639,0.6881,0.9681,6977,16.2,10.7,22.1,0.2,0.8369
46,314.0,0.332,0.0544,0.5005,0.8805,8135,5.6,10.3,12.3,0.0,0.3977
47,315.01,0.9002,0.8621,0.7725,0.98,5237,32.1,16.5,17.3,0.0,0.9788
48,315.02,0.8437,0.5126,0.7584,0.9671,6563,36.1,22.7,3.2,0.0,0.9146
49,317.0,0.4567,0.0372,0.5355,0.8658,10714,17.5,7.9,3.3,3.3,0.4291
50,318.0,0.3084,0.0353,0.5784,0.9002,2580,4.0,13.7,13.8,0.0,0.3652
51,319.0,0.406,0.0519,0.4581,0.7998,2881,10.6,7.6,6.1,0.0,0.3802
52,321.0,0.668,0.2156,0.5527,0.9972,11316,8.7,20.2,4.1,0.0,0.8154
53,401.0,0.317,0.0565,0.5278,0.8369,6016,4.4,23.0,2.9,0.4,0.3719
54,402.01,0.4493,0.0531,0.5453,0.6505,8769,1.3,21.7,8.4,0.0,0.371
55,402.02,0.9287,0.6465,0.7436,0.9502,8124,4.1,26.2,16.4,0.0,0.9555
56,403.0,0.7224,0.5795,0.6478,0.7076,4342,1.8,11.2,31.6,0.0,0.7343
57,404.01,0.2411,0.1103,0.5597,0.1895,2672,3.5,21.9,7.2,0.0,0.1619
58,404.02,0.2961,0.0341,0.3641,0.5774,5903,1.2,11.2,4.4,0.0,0.2002
59,406.0,0.3514,0.0283,0.4633,0.8047,3919,9.4,12.6,0.7,0.0,0.3025
60,407.0,0.3523,0.0507,0.3583,0.4638,3109,1.9,9.0,6.0,0.0,0.2214
61,408.0,0.195,0.0494,0.4544,0.6726,1718,2.7,15.5,1.9,0.0,0.2257
62,409.0,0.3888,0.0464,0.3076,0.8268,3129,1.8,6.1,4.5,0.0,0.3544
63,501.0,0.0863,0.0276,0.3304,0.3025,2202,3.0,5.9,4.6,1.3,0.0442
64,502.0,0.1766,0.5488,0.4566,0.3925,5500,3.2,14.4,4.0,0.0,0.3105
65,503.0,0.121,0.2242,0.5579,0.5261,1982,0.2,15.6,12.8,0.0,0.2543
66,505.0,0.0313,0.0378,0.3175,0.5989,5174,0.1,3.7,8.2,0.0,0.0903
67,506.0,0.0602,0.0117,0.1428,0.7568,2944,0.0,4.1,1.5,0.0,0.0728
68,507.0,0.0052,0.0083,0.1732,0.492,1190,0.0,4.9,2.2,0.0,0.0147
69,508.0,0.0338,0.0774,0.5149,0.301,1192,3.5,20.1,4.4,0.1,0.0789
70,509.0,0.1867,0.0789,0.4971,0.1809,1819,1.7,17.7,6.8,0.0,0.1139
71,510.0,0.0756,0.3682,0.5342,0.1978,2849,4.3,21.5,6.8,0.0,0.1542
72,511.0,0.1594,0.133,0.4922,0.2039,1572,1.5,16.2,5.6,0.0,0.1342
73,512.0,0.0872,0.0286,0.3322,0.4469,1443,4.1,6.6,3.9,0.0,0.0722
74,513.0,0.0408,0.1075,0.4817,0.1462,2101,6.3,15.0,2.1,0.0,0.0544
75,514.0,0.1161,0.164,0.5278,0.2779,5321,7.1,12.8,10.7,0.0,0.1585
76,601.0,0.176,0.1662,0.4605,0.5415,2753,3.6,7.7,9.5,0.0,0.2534
77,602.0,0.1969,0.0258,0.3847,0.8633,3277,1.9,13.3,3.2,0.0,0.2389
78,603.0,0.0107,0.0163,0.4777,0.3394,2582,0.4,17.7,8.8,0.0,0.0212
79,604.0,0.1548,0.0393,0.284,0.5071,3523,0.7,10.4,3.6,0.0,0.1271
80,605.0,0.5857,0.9493,0.4777,0.9088,1633,2.8,10.2,15.0,0.0,0.8173
81,608.0,0.231,0.11,0.5278,0.6548,3060,5.0,10.8,13.3,0.0,0.309
82,609.0,0.3406,0.0611,0.3497,0.6158,7063,2.6,10.0,5.2,0.0,0.2822
83,610.0,0.3547,0.0181,0.4596,0.5823,4556,1.9,12.9,3.7,0.0,0.1963
84,611.0,0.1262,0.0012,0.3267,0.5989,4747,4.0,10.2,3.7,0.0,0.0485
85,612.0,0.1339,0.0298,0.4495,0.3557,2201,1.6,14.1,5.4,0.0,0.0869
86,615.0,0.0866,0.0015,0.3347,0.3655,1542,3.7,6.3,3.9,0.0,0.0169
87,618.0,0.4914,0.0034,0.5259,0.9699,2061,2.5,13.8,12.6,0.0,0.3928
88,619.01,0.4803,0.0998,0.5232,0.7881,2546,6.6,11.4,13.0,0.0,0.4813
89,619.02,0.5765,0.0752,0.4053,0.3977,2562,6.1,5.4,9.6,0.4,0.3535
90,620.0,0.1311,0.0025,0.3377,0.5857,6404,3.2,5.9,4.3,0.0,0.0537
91,621.0,0.3434,0.0193,0.3469,0.5866,10431,2.8,7.0,7.9,0.0,0.184
92,622.0,0.0814,0.0095,0.3558,0.8093,4603,0.7,15.9,3.1,0.0,0.1066
93,623.0,0.0356,0.0224,0.3902,0.188,1531,2.1,4.9,8.2,0.0,0.0163
94,624.0,0.2475,0.055,0.2677,0.5301,1926,6.4,4.7,0.9,0.0,0.1929
95,625.0,0.3056,0.0301,0.4096,0.3206,2750,1.7,12.6,9.4,0.0,0.1308
96,626.0,0.0028,0.0673,0.4246,0.2497,2644,1.6,6.3,12.3,0.0,0.035
97,627.0,0.094,0.0329,0.3003,0.6483,4226,1.0,8.1,2.5,0.4,0.1235
98,628.0,0.0307,0.023,0.2567,0.195,3584,1.4,6.1,4.4,0.4,0.0138
99,629.0,0.3206,0.0123,0.3875,0.4601,5357,3.4,4.7,6.5,0.0,0.1275
100,630.0,0.172,0.0101,0.4504,0.813,10906,4.0,7.0,8.3,0.0,0.1668
101,631.0,0.1419,0.0021,0.284,0.4948,3673,0.0,4.9,5.2,0.0,0.0372
102,632.0,0.2377,0.0326,0.3396,0.9051,4656,4.2,6.4,6.1,0.0,0.2918
103,633.01,0.2955,0.0931,0.5232,0.4186,1851,9.5,13.5,5.8,0.0,0.2466
104,633.02,0.1809,0.0236,0.4179,0.7703,1952,3.1,10.4,8.7,0.0,0.192
105,633.03,0.227,0.3993,0.3089,0.6812,1461,0.0,2.4,14.5,0.0,0.3799
106,634.0,0.1916,0.0111,0.3522,0.3541,5616,4.1,5.1,8.0,0.0,0.0608
107,701.01,0.4635,0.1121,0.2941,0.7104,5416,0.4,8.0,3.1,0.3,0.4137
108,701.02,0.1649,0.0132,0.4139,0.8873,3348,4.9,13.5,4.2,0.0,0.1978
109,701.03,0.2482,0.0104,0.4268,0.7085,1850,1.8,9.2,11.8,0.0,0.1652
110,702.0,0.1797,0.0187,0.4025,0.9281,6806,3.9,8.9,6.3,0.0,0.2432
111,703.0,0.0762,0.004,0.2634,0.4459,7809,0.6,5.6,4.7,0.0,0.024
112,704.0,0.1247,0.047,0.2757,0.4622,4155,3.9,2.7,6.1,0.0,0.1158
113,705.0,0.2113,0.0369,0.3055,0.9367,2782,6.7,5.0,3.4,0.0,0.3099
114,706.0,0.0224,0.0501,0.2195,0.2795,3273,0.3,4.6,5.9,0.0,0.0329
115,707.0,0.0393,0.0642,0.5493,0.6864,9135,8.5,10.7,12.5,0.0,0.1732
116,710.0,0.14,0.0031,0.3657,0.8363,4567,6.3,5.4,7.4,0.0,0.1161
117,711.0,0.109,0.0203,0.4317,0.7764,6382,1.3,8.0,11.7,0.0,0.1508
118,712.0,0.1324,0.0488,0.3129,0.3643,6645,5.3,7.0,2.6,0.0,0.0983
119,713.0,0.2506,0.0568,0.4139,0.7792,4119,0.7,5.7,15.3,0.0,0.2961
120,714.0,0.1542,0.031,0.3196,0.887,6889,4.9,4.4,5.8,0.0,0.2328
121,715.0,0.1895,0.0169,0.2677,0.8575,10585,3.2,2.3,7.0,0.0,0.1861
122,716.0,0.0709,0.0826,0.4268,0.231,1382,7.7,3.8,10.1,0.0,0.078
123,717.0,0.0427,0.0731,0.4384,0.6431,2242,9.6,5.1,10.0,0.0,0.16
124,718.0,0.0405,0.1044,0.4891,0.3633,3412,6.8,8.2,14.3,0.0,0.1075
125,801.0,0.1311,0.0455,0.3267,0.3888,2999,2.2,2.1,8.8,0.0,0.1026
126,802.01,0.0795,0.0415,0.28,0.6662,2392,4.0,4.2,6.3,0.0,0.1348
127,802.02,0.0799,0.0608,0.3119,0.4005,8173,2.7,10.8,4.0,0.0,0.0964
128,803.0,0.0488,0.0135,0.3417,0.8188,7446,1.0,3.5,13.1,0.0,0.1029
129,804.0,0.4757,0.3151,0.7903,0.8569,11882,49.5,4.6,8.2,0.0,0.6216
130,810.0,0.4638,0.0593,0.5622,0.9678,10001,13.1,9.1,13.6,0.0,0.5534
131,811.0,0.3489,0.0332,0.4891,0.8262,5867,7.5,7.9,10.7,0.0,0.3246
132,812.01,0.1182,0.0648,0.3758,0.9509,19739,2.7,6.7,11.6,0.0,0.3256
133,812.02,0.0375,0.1136,0.2036,0.519,4424,2.1,1.5,3.8,0.0,0.1176
134,813.0,0.2822,0.2156,0.4154,0.6014,6203,5.2,4.0,13.0,0.0,0.3443
135,814.01,0.2832,0.0875,0.3558,0.9162,11187,2.2,3.6,12.3,0.0,0.4063
136,814.02,0.2239,0.0777,0.5686,0.6963,5584,3.1,6.7,23.4,0.0,0.2985
137,814.03,0.1361,0.0052,0.6187,0.6913,16495,1.9,5.4,32.4,0.0,0.1072
138,815.0,0.0909,0.0356,0.5745,0.8719,18391,2.2,9.9,25.9,0.0,0.2303
139,816.0,0.1603,0.0114,0.4354,0.8842,11889,1.8,3.6,16.4,0.0,0.1895
140,817.0,0.1557,0.015,0.4477,0.5888,19349,3.7,7.7,13.0,0.0,0.1103
141,818.0,0.0295,0.0018,0.4661,0.7429,23070,1.7,8.4,12.4,0.0,0.0482
142,819.0,0.3041,0.0433,0.5342,0.4687,6208,27.4,1.5,4.8,0.0,0.2113
143,901.0,0.1327,0.2601,0.4007,0.0577,1586,0.9,11.2,4.3,0.0,0.0799
144,902.0,0.0584,0.0888,0.2822,0.3007,4100,0.2,10.1,2.0,0.0,0.0777
145,903.0,0.0319,0.0562,0.2171,0.1057,853,0.0,5.6,0.5,0.0,0.0154
146,1001.0,0.5015,0.3259,0.3282,0.3689,4873,0.0,16.0,2.1,0.0,0.4008
147,1002.0,0.1999,0.4318,0.4384,0.9063,5438,2.5,17.0,4.1,0.2,0.4979
148,1003.0,0.2042,0.5636,0.2831,0.828,3806,0.6,8.1,3.2,0.3,0.4631
149,1004.0,0.1293,0.6662,0.4354,0.2178,1663,0.1,15.0,9.2,0.0,0.2383
150,1005.0,0.1692,0.8996,0.4007,0.4309,4856,0.0,10.4,4.7,0.0,0.4057
151,1006.0,0.473,0.8289,0.5511,0.2859,6043,0.7,29.5,4.2,0.0,0.5086
152,1007.0,0.5387,0.2303,0.362,0.2264,2322,0.2,14.7,5.4,0.0,0.3394
153,1101.0,0.4162,0.1063,0.6153,0.3378,4822,1.2,22.7,15.1,0.0,0.3016
154,1102.0,0.6361,0.5679,0.5861,0.9349,3634,6.4,24.0,8.5,0.0,0.7675
155,1103.0,0.4312,0.6963,0.5735,0.1443,3804,0.2,26.8,8.6,0.0,0.3827
156,1104.0,0.5891,0.2076,0.6125,0.8154,4614,1.2,24.1,9.4,0.0,0.609
157,1105.01,0.4324,0.2611,0.6687,0.3418,4141,5.2,24.7,16.4,0.0,0.387
158,1105.02,0.539,0.4208,0.591,0.4048,6262,3.3,23.5,9.2,0.8,0.4982
159,1201.0,0.2899,0.2162,0.3076,0.1877,1798,0.3,12.5,3.3,0.0,0.1867
160,1202.0,0.1367,0.5912,0.408,0.1299,3015,1.4,8.8,12.3,0.0,0.1784
161,1203.0,0.2141,0.6818,0.4025,0.2002,3873,0.1,10.3,9.2,0.0,0.2743
162,1204.0,0.644,0.2466,0.638,0.1262,3502,0.7,24.6,17.7,0.0,0.3888
163,1301.0,0.6895,0.9251,0.5671,0.9447,6168,1.3,8.9,25.2,0.1,0.8842
164,1302.0,0.1987,0.6898,0.6819,0.2792,3013,0.9,28.5,14.6,0.0,0.3437
165,1303.0,0.7988,0.5074,0.7436,0.586,5380,4.2,22.8,32.3,0.0,0.7402
166,1401.0,0.9232,0.367,0.7531,0.7055,4031,12.8,38.7,9.1,0.0,0.8163
167,1402.0,0.7657,0.3606,0.7737,0.9674,8128,5.8,45.6,15.7,0.0,0.8584
168,1403.01,0.9106,0.6186,0.8686,0.6717,3808,3.9,63.0,22.3,0.0,0.8633
169,1403.02,0.6072,0.5971,0.6967,0.8943,4197,4.6,34.4,8.8,0.0,0.7528
170,1404.0,0.6619,0.6428,0.6798,0.3495,7340,1.7,31.5,15.5,0.0,0.6026
171,1405.0,0.6852,0.5611,0.771,0.4481,5336,2.6,40.5,19.4,0.0,0.6391
172,1406.01,0.9119,0.6978,0.8084,0.4825,2970,14.6,43.7,16.6,0.0,0.8166
173,1406.02,0.9201,0.7178,0.8256,0.6354,6934,10.1,60.1,7.2,0.0,0.8719
174,1407.01,0.7408,0.1698,0.821,0.6916,3989,4.5,54.5,18.5,0.0,0.6662
175,1407.02,0.8882,0.7641,0.8063,0.8329,8671,2.3,62.7,7.3,0.0,0.9103
176,1408.0,0.7506,0.0946,0.638,0.6078,6696,0.5,35.4,6.8,0.0,0.5835
177,1502.0,0.7614,0.2196,0.6334,0.812,10851,1.0,30.9,7.0,0.3,0.7116
178,1503.0,0.5135,0.3492,0.5809,0.5802,9463,1.8,28.5,4.7,0.0,0.5298
179,1504.01,0.5089,0.8695,0.6165,0.3443,5077,1.3,28.1,9.3,1.0,0.57
180,1504.02,0.5369,0.6361,0.6113,0.3842,4185,4.5,33.6,2.7,0.0,0.5384
181,1505.01,0.2921,0.3603,0.6319,0.5756,2766,0.2,26.2,9.7,0.0,0.4171
182,1505.02,0.5525,0.6956,0.5923,0.8378,4265,2.4,27.7,9.0,0.0,0.7033
183,1506.0,0.567,0.4607,0.7074,0.3071,5011,2.0,42.9,9.5,0.8,0.4997
184,1507.0,0.6345,0.9622,0.7191,0.3999,5070,2.2,47.2,7.3,0.0,0.7113
185,1508.0,0.7755,0.1486,0.7436,0.3409,6999,2.2,53.5,1.3,0.0,0.5571
186,1510.01,0.7211,0.4413,0.7977,0.3308,4291,1.1,66.2,5.6,0.0,0.6069
187,1510.02,0.8019,0.6014,0.8149,0.8495,7551,1.7,72.1,1.4,0.0,0.8504
188,1511.0,0.7604,0.5648,0.7697,0.5445,7781,1.1,60.2,5.4,0.0,0.7187
189,1512.0,0.6938,0.3016,0.6908,0.4555,6685,0.6,46.2,5.4,0.0,0.5792
190,1601.0,0.6797,0.8824,0.6583,0.6619,3008,0.0,24.8,16.5,0.6,0.7623
191,1602.0,0.3388,0.3667,0.5784,0.5319,4401,2.0,18.4,11.9,0.0,0.4168
192,1603.0,0.6053,0.2512,0.5987,0.902,5042,6.6,13.8,14.7,0.9,0.6714
193,1604.0,0.7654,0.2918,0.6432,0.9251,6508,2.5,30.0,9.5,0.0,0.7869
194,1605.01,0.8182,0.3206,0.813,0.7165,5213,5.1,55.4,14.8,0.0,0.7558
195,1605.02,0.7371,0.3913,0.7946,0.516,4337,1.3,62.4,7.5,0.0,0.6671
196,1606.01,0.5464,0.2764,0.6319,0.8618,4086,2.5,34.3,3.9,0.0,0.6265
197,1606.02,0.6066,0.3566,0.7369,0.3603,3950,3.7,45.1,7.9,0.0,0.5295
198,1607.0,0.6139,0.0863,0.7224,0.4506,8004,2.6,45.3,8.8,0.0,0.457
199,1608.0,0.8523,0.2202,0.7888,0.6139,9132,0.8,62.6,5.3,0.0,0.7224
200,1609.0,0.348,0.0921,0.6518,0.629,5014,2.1,28.9,11.6,0.0,0.3639
201,1610.0,0.4392,0.2617,0.5972,0.7789,4163,2.3,30.1,5.1,0.0,0.5344
202,1611.0,0.0513,0.125,0.5373,0.5135,4248,5.8,19.1,5.7,0.0,0.1698
203,1612.0,0.7998,0.496,0.7746,0.3719,3943,2.3,59.9,3.4,0.2,0.6769
204,1613.0,0.8578,0.5826,0.731,0.7835,7961,2.6,52.2,3.3,0.2,0.8409
205,1701.0,0.8375,0.7131,0.3457,0.8553,2482,4.9,7.1,7.5,0.0,0.8363
206,1702.0,0.4509,0.2346,0.6632,0.457,4117,0.1,44.2,3.6,0.0,0.4312
207,1703.0,0.5018,0.7709,0.6153,0.4794,5998,0.1,36.2,5.5,0.0,0.5817
208,1704.0,0.6766,0.5018,0.5987,0.0682,3860,4.9,29.9,3.4,0.0,0.4119
209,1705.0,0.1496,0.3028,0.4566,0.1545,3845,0.0,19.9,6.3,0.0,0.1523
210,1706.0,0.5292,0.4865,0.502,0.2706,1655,2.0,20.5,7.8,0.0,0.4459
211,1707.0,0.4389,0.1425,0.5511,0.0845,2422,0.0,31.9,3.3,0.0,0.1947
212,1708.0,0.6029,0.5931,0.6334,0.6351,3679,1.7,33.9,8.9,0.0,0.6447
213,1709.0,0.9475,0.2663,0.7154,0.4361,1431,0.7,54.7,2.2,0.0,0.731
214,1710.0,0.5154,0.2985,0.5895,0.6069,7918,6.0,27.5,2.7,0.0,0.5258
215,1711.0,0.4853,0.3099,0.7028,0.227,4530,1.3,48.0,6.1,0.0,0.3885
216,1801.0,0.734,0.7697,0.6567,0.6797,6302,0.4,42.3,3.7,0.0,0.77
217,1901.0,0.7365,0.3676,0.8735,0.6143,4090,1.3,86.2,3.1,0.0,0.7012
218,1902.0,0.8744,0.6351,0.852,0.6818,8162,5.3,76.5,3.1,0.0,0.8434
219,1903.0,0.805,0.3096,0.7811,0.4373,8940,1.6,61.2,1.9,0.0,0.6576
220,1904.01,0.7684,0.5436,0.7986,0.6115,6459,1.7,64.2,7.6,0.0,0.7457
221,1904.02,0.8679,0.7036,0.7845,0.3277,7544,1.5,67.6,0.3,0.0,0.7411
222,1906.01,0.9165,0.7822,0.8735,0.2528,6280,1.6,88.9,0.0,0.0,0.7687
223,1906.02,0.8237,0.8532,0.8222,0.6643,7734,3.0,76.0,0.4,0.0,0.8593
224,1907.01,0.7779,0.9254,0.8124,0.4383,3922,2.5,71.6,1.3,0.0,0.7915
225,1907.02,0.8799,0.8741,0.871,0.7359,7007,3.6,86.5,0.0,0.0,0.9085
226,1908.0,0.9321,0.844,0.8858,0.8016,9861,1.1,88.4,1.2,0.1,0.9463
227,1909.0,0.7964,0.9607,0.8953,0.6327,4433,4.4,89.8,0.0,0.0,0.887
228,1910.0,0.7098,0.7875,0.9027,0.3931,4125,1.9,88.5,4.7,0.0,0.7049
229,1911.0,0.8682,0.8338,0.8889,0.39,12365,2.7,85.4,2.4,0.0,0.8047
230,1912.0,0.8615,0.9125,0.9269,0.4899,8794,0.0,97.0,0.0,0.0,0.8627
231,1913.01,0.7018,0.9896,0.9217,0.731,7455,2.1,85.2,8.6,0.0,0.8891
232,1913.02,0.8403,0.7697,0.8913,0.4475,7412,1.2,92.3,0.0,0.0,0.7905
233,2001.0,0.7196,0.7543,0.8324,0.5006,5418,3.6,70.0,7.2,0.0,0.7322
234,2002.0,0.8317,0.3808,0.8649,0.637,9694,5.5,83.6,0.0,0.0,0.7601
235,2003.0,0.8375,0.3111,0.8876,0.6253,3005,6.2,86.4,0.4,0.0,0.7475
236,2004.01,0.9582,0.6631,0.8821,0.4558,5254,2.7,87.6,0.0,0.0,0.8421
237,2004.02,0.8028,0.8649,0.8698,0.6794,6643,4.3,81.2,3.7,0.1,0.8612
238,2101.0,0.5559,0.1118,0.6788,0.6499,6769,2.3,39.0,5.0,0.0,0.504
239,2104.0,0.9616,0.8007,0.8112,0.7875,4321,1.7,70.1,1.3,0.0,0.9435
240,2105.01,0.8467,0.1717,0.7934,0.4389,7075,4.6,57.1,4.1,0.0,0.6425
241,2105.02,0.7568,0.4588,0.8001,0.5181,6669,3.5,61.8,1.8,0.0,0.6932
242,2106.01,0.7405,0.1373,0.7998,0.7439,4664,0.5,59.0,11.3,0.0,0.6677
243,2106.02,0.672,0.2482,0.7792,0.7479,7869,0.2,58.0,5.5,0.0,0.6606
244,2107.0,0.7337,0.1566,0.7418,0.4754,5454,1.5,54.2,3.0,0.9,0.578
245,2108.0,0.8308,0.1388,0.7224,0.387,1933,0.7,54.3,0.7,0.0,0.5977
246,2109.0,0.399,0.2472,0.6457,0.2623,4304,6.3,29.7,5.8,0.0,0.3262
247,2203.0,0.2586,0.0421,0.5585,0.6324,3594,1.6,24.4,8.3,0.0,0.2454
248,2204.0,0.2712,0.0756,0.5078,0.5455,4505,0.8,20.4,8.4,0.0,0.2561
249,2205.0,0.3486,0.1413,0.6018,0.2776,5990,5.9,24.5,5.5,0.0,0.2592
250,2206.01,0.3897,0.0749,0.6411,0.2568,3272,4.6,30.6,2.8,0.5,0.2402
251,2206.02,0.4678,0.0967,0.6018,0.9902,9211,4.8,30.0,4.4,0.0,0.6327
252,2207.01,0.7472,0.2018,0.8103,0.7773,5196,2.8,69.9,1.8,0.0,0.7058
253,2207.02,0.8127,0.1993,0.7621,0.6883,7346,2.7,60.6,2.3,0.0,0.7067
254,2209.01,0.8022,0.5101,0.8204,0.5642,5748,13.4,63.6,0.8,0.0,0.742
255,2209.02,0.6855,0.6711,0.8118,0.3861,5210,1.5,71.3,2.0,0.0,0.649
256,2210.0,0.7159,0.0703,0.7565,0.43,4891,5.3,55.5,2.7,0.0,0.4972
257,2211.0,0.742,0.3621,0.6819,0.8857,7645,6.0,35.3,4.7,0.0,0.7693
258,2212.0,0.3148,0.0709,0.6125,0.9149,5180,9.0,24.6,3.1,0.0,0.4502
259,2213.0,0.6634,0.0408,0.6991,0.9097,6519,4.5,38.9,7.5,0.0,0.5937
260,2214.0,0.5627,0.0808,0.6709,0.8925,8532,2.9,30.5,6.5,0.0,0.5771
261,2215.0,0.5799,0.0851,0.5477,0.4776,4516,8.2,22.6,2.3,0.0,0.4143
262,2216.0,0.0479,0.024,0.4768,0.1548,4967,3.1,16.3,5.5,0.0,0.0187
263,2222.0,0.1348,0.0178,0.4246,0.5252,4010,3.7,10.2,6.9,0.0,0.0943
264,2225.0,0.4859,0.1545,0.6733,0.3943,2747,3.6,42.4,2.0,0.0,0.3993
265,2226.0,0.7042,0.1026,0.642,0.5528,3493,8.0,32.0,1.7,0.0,0.5421
266,2227.0,0.7912,0.4162,0.7578,0.855,3573,2.6,54.6,1.9,0.0,0.8053
267,2228.0,0.8185,0.6271,0.7924,0.4902,2126,6.1,65.5,0.0,0.0,0.7485
268,2229.0,0.8323,0.5792,0.836,0.7245,3341,7.6,74.5,0.0,0.6,0.8225
269,2301.0,0.691,0.2838,0.7648,0.5519,3155,10.8,46.1,4.1,0.0,0.6149
270,2302.0,0.7878,0.7113,0.806,0.8019,4192,9.7,61.9,2.9,0.0,0.8458
271,2303.0,0.9466,0.1708,0.8591,0.0587,1606,6.5,82.0,0.0,0.0,0.5372
272,2304.0,0.8311,0.6373,0.8462,0.3464,4385,0.6,83.5,1.0,0.0,0.7227
273,2305.0,0.9751,0.9398,0.9103,0.6566,7781,7.6,82.6,0.4,0.0,0.9619
274,2306.0,0.9859,0.9039,0.868,0.7715,22617,17.3,71.0,0.0,0.9,0.9699
275,2307.0,0.9705,0.8701,0.9054,0.9392,15139,5.2,87.6,0.0,0.0,0.9868
276,2308.0,0.8563,0.8962,0.8471,0.6671,3008,5.5,80.3,0.0,0.0,0.8897
277,2309.0,0.8053,0.1004,0.8072,0.7721,12687,12.3,60.4,1.4,0.0,0.6944
278,2311.0,0.9361,0.9257,0.9156,0.5034,4119,67.9,28.5,0.0,0.0,0.9042
279,2312.0,0.981,0.9929,0.9518,0.7641,25102,66.1,26.2,0.0,0.0,0.9896
280,2315.0,0.9942,0.9579,0.9487,0.7239,25880,72.6,25.3,0.0,0.0,0.9822
281,2402.0,0.1597,0.215,0.5459,0.4991,2696,1.9,23.6,6.2,0.0,0.2632
282,2403.0,0.0175,0.0074,0.3721,0.7214,3611,4.8,2.4,8.0,0.0,0.055
283,2405.0,0.0003,0.0064,0.3184,0.3756,6334,2.0,7.4,6.3,0.0,0.0071
284,2406.0,0.3474,0.0633,0.5861,0.5021,2668,4.7,26.5,5.9,0.0,0.2835
285,2407.0,0.6038,0.258,0.7218,0.4862,2669,8.0,46.5,2.8,0.0,0.5387
286,2408.0,0.6652,0.1437,0.7138,0.9779,2522,3.4,35.5,6.8,0.0,0.7448
287,2409.0,0.6892,0.2558,0.7648,0.266,8717,9.6,35.0,18.1,0.0,0.5135
288,2410.0,0.699,0.2233,0.7513,0.5083,8135,5.0,49.8,5.6,0.0,0.5875
289,2411.0,0.5129,0.0623,0.6531,0.6778,9998,7.9,30.5,4.7,0.0,0.4472
290,2412.0,0.215,0.0473,0.5192,0.6597,4703,6.6,15.4,7.9,0.0,0.2386
291,2413.0,0.0663,0.0743,0.4873,0.6186,3212,9.3,15.3,2.9,0.0,0.1744
292,2414.0,0.2386,0.0338,0.4661,0.8007,17045,8.5,9.6,4.7,0.0,0.2543
293,2415.0,0.1299,0.027,0.4203,0.4063,9886,1.6,11.6,3.5,0.0,0.0891
294,2416.0,0.32,0.0347,0.5207,0.4641,7962,2.1,19.8,6.9,0.0,0.199
295,2420.0,0.2552,0.0639,0.6531,0.9079,8150,13.9,14.3,14.7,0.0,0.4088
296,2421.0,0.0928,0.0221,0.5355,0.2534,7815,1.1,12.6,7.6,0.0,0.0458
297,2422.0,0.0455,0.035,0.3558,0.2635,5722,3.7,10.9,3.2,0.0,0.0341
298,2423.0,0.1413,0.0359,0.3583,0.8286,4995,0.4,10.8,5.1,0.0,0.2092
299,2424.0,0.4137,0.0479,0.2677,0.6032,6845,2.5,5.6,1.8,0.0,0.2819
300,2425.0,0.6339,0.0476,0.623,0.9294,5950,10.7,26.0,3.2,0.0,0.5912
301,2426.0,0.5295,0.1904,0.6359,0.3498,12022,6.0,35.9,0.6,0.0,0.4106
302,2427.0,0.629,0.1139,0.7191,0.4386,4135,12.9,41.0,1.9,0.0,0.4767
303,2428.0,0.457,0.3851,0.4544,0.3765,3554,0.4,24.7,1.8,0.0,0.414
304,2429.0,0.1112,0.1112,0.5763,0.7024,3823,5.1,23.1,5.6,0.0,0.2614
305,2430.0,0.3194,0.0418,0.5821,0.1892,4796,1.2,29.9,3.0,0.0,0.1364
306,2431.0,0.543,0.07,0.7108,0.2279,3876,2.0,43.2,5.6,0.0,0.3065
307,2432.0,0.1904,0.0292,0.6002,0.52,4505,6.8,26.6,5.9,0.0,0.1634
308,2433.0,0.3538,0.0172,0.4992,0.2439,4989,4.6,20.9,4.6,0.0,0.1041
309,2434.0,0.4782,0.1447,0.6687,0.7181,5667,5.6,30.3,6.9,0.0,0.5009
310,2435.0,0.1873,0.0215,0.591,0.5599,9219,16.3,13.6,5.3,0.0,0.152
311,2502.0,0.9076,0.7002,0.9134,0.5556,9499,51.2,44.3,0.0,0.0,0.8477
312,2503.0,0.9416,0.9705,0.9343,0.351,12271,61.2,33.7,0.5,0.0,0.8971
313,2504.0,0.8695,0.8624,0.9202,0.2113,15693,77.2,17.7,0.0,1.8,0.7537
314,2505.0,0.6299,0.2002,0.7657,0.4226,7696,25.8,38.3,1.2,0.0,0.5206
315,2506.0,0.8676,0.9856,0.9251,0.2417,11244,77.9,18.1,0.8,0.0,0.8326
316,2507.0,0.8956,0.316,0.988,0.7896,15473,74.8,20.1,0.0,0.0,0.8406
317,2508.0,0.8759,0.8062,0.973,0.2829,11505,95.5,3.6,0.0,0.0,0.7733
318,2510.0,0.93,0.9097,0.9696,0.34,6349,71.4,27.9,0.0,0.0,0.863
319,2511.0,0.9082,0.9997,0.9487,0.8274,14929,83.7,14.7,0.0,0.0,0.9936
320,2512.0,0.9779,0.6708,0.9671,0.4042,13824,68.3,31.0,0.0,0.0,0.8572
321,2513.0,0.9358,0.9748,0.9463,0.9607,15080,90.6,6.5,0.0,0.0,0.996
322,2514.0,0.9011,0.9112,0.8511,0.9834,15929,79.3,5.7,0.0,0.0,0.9889
323,2515.0,0.9545,0.8025,0.9377,0.9152,17479,84.1,12.9,0.0,0.0,0.9748
324,2516.0,0.9604,0.9969,0.9859,0.851,13756,72.8,26.0,0.0,0.0,0.9957
325,2517.0,0.6886,0.719,0.9251,0.3876,7753,77.2,19.7,0.0,0.0,0.6784
326,2518.0,0.9628,0.7279,0.9189,0.8796,28299,88.1,6.2,0.0,0.0,0.9641
327,2519.0,0.9509,0.7712,0.9189,0.7733,28890,91.2,4.8,0.0,0.0,0.9401
328,2520.0,0.8489,0.9573,0.9475,0.9389,20243,93.8,2.2,0.0,0.0,0.9773
329,2521.01,0.9721,0.9014,0.9582,0.6293,6921,97.3,0.1,0.0,0.0,0.9502
330,2521.02,0.9459,0.9739,0.9441,0.5292,21166,81.2,9.8,0.0,0.0,0.941
331,2522.01,0.9389,0.7936,0.9027,0.8265,11342,90.6,3.9,0.6,0.0,0.9499
332,2522.02,0.984,0.621,0.9487,0.9656,21345,96.3,0.9,1.1,0.0,0.9837
333,2601.0,0.9659,0.5875,0.8852,0.809,7898,85.0,5.7,0.3,0.0,0.9284
334,2602.0,0.9343,0.7899,0.988,0.5614,9151,97.1,2.9,0.0,0.0,0.8916
335,2603.0,0.9994,0.7654,0.9564,0.9969,7676,88.8,9.9,0.0,0.0,0.9997
336,2604.0,0.9045,0.773,0.9644,0.6784,6897,99.1,0.0,0.0,0.0,0.8977
337,2605.0,0.942,0.8286,0.9837,0.4287,9585,97.0,1.8,0.0,1.0,0.8698
338,2606.0,0.992,0.9349,0.9441,0.7878,10578,96.5,1.6,0.0,0.0,0.9816
339,2607.0,0.9954,0.9051,0.9582,0.5028,12785,93.6,3.2,0.0,0.0,0.9441
340,2608.0,0.9665,0.9011,0.8968,0.5737,12038,89.8,0.6,0.0,0.0,0.9309
341,2609.0,0.973,0.4429,0.8698,0.8366,7503,83.2,5.0,0.0,0.0,0.9171
342,2610.0,0.9023,0.8237,0.988,0.5654,8752,94.2,4.4,0.0,0.0,0.8814
343,2705.0,0.8756,0.9174,0.988,0.7571,10518,99.1,0.9,0.0,0.0,0.9386
344,2712.0,0.8814,0.5719,0.9064,0.6493,7563,88.5,1.2,0.2,0.0,0.8329
345,2713.0,0.8452,0.7402,0.988,0.6229,8439,91.5,1.8,1.2,0.0,0.8532
346,2714.0,0.9085,0.8262,0.8919,0.8922,6610,77.0,3.3,1.8,0.0,0.9582
347,2715.0,0.7675,0.9681,0.9146,0.3857,4367,81.5,6.4,0.0,0.0,0.8087
348,2718.0,0.9576,0.8111,0.988,0.5451,5971,93.9,6.1,0.0,0.0,0.9029
349,2801.0,0.0095,0.0154,0.5005,0.7064,11445,1.9,6.0,19.2,0.0,0.0676
350,2804.0,0.688,0.6603,0.8241,0.9094,6627,74.9,4.7,0.5,0.0,0.8246
351,2808.0,0.9635,0.5863,0.8606,0.996,7293,79.0,8.2,0.0,0.0,0.9902
352,2809.0,0.8114,0.7389,0.8882,0.3701,4472,84.3,2.8,5.9,0.0,0.7451
353,2819.0,0.1416,0.0107,0.6847,0.9592,11750,3.6,9.7,35.5,0.0,0.2601
354,2827.0,0.6812,0.4653,0.7934,0.4813,7826,32.2,22.5,12.3,0.0,0.6336
355,2828.0,0.6803,0.0728,0.7756,0.1665,3250,14.0,40.0,11.7,0.0,0.3679
356,2831.0,0.8729,0.8034,0.8324,0.6984,4136,29.8,19.4,30.6,0.0,0.8793
357,2832.0,0.4453,0.1241,0.7765,0.6035,4254,36.8,13.4,13.3,0.0,0.4493
358,2838.0,0.6459,0.4057,0.7796,0.8732,5245,47.5,10.1,9.4,0.0,0.7353
359,2909.0,0.9168,0.7795,0.988,0.5921,17058,99.6,0.0,0.4,0.0,0.8864
360,2912.0,0.9567,0.4985,0.9837,0.7835,11699,96.8,3.0,0.0,0.0,0.9097
361,2916.0,0.656,0.5359,0.7955,0.1425,1856,6.4,66.7,0.0,0.0,0.5034
362,2922.0,0.9874,0.2991,0.9325,0.4192,10603,83.5,11.4,0.9,0.0,0.7905
363,2924.0,0.891,0.2362,0.8351,0.6932,9012,79.8,3.3,0.0,0.0,0.769
364,2925.0,0.9702,0.477,0.9401,0.4149,13711,85.6,7.5,0.0,0.0,0.8099
365,3005.0,0.9079,0.6499,0.9021,0.3256,4013,3.3,91.4,0.0,0.3,0.7629
366,3006.0,0.9843,0.9604,0.9217,0.6689,5630,11.6,84.1,0.0,0.0,0.9711
367,3007.0,0.9668,0.6121,0.953,0.4463,7779,1.9,95.9,0.8,0.0,0.8437
368,3008.0,0.9936,0.8928,0.953,0.3729,8365,0.0,98.3,0.0,0.0,0.9079
369,3009.0,0.9306,0.8907,0.8922,0.8259,8784,0.0,93.7,0.0,0.0,0.961
370,3011.0,0.8449,0.9217,0.8585,0.4837,4386,3.0,85.4,0.0,0.0,0.8464
371,3012.0,0.9899,0.9346,0.8947,0.7546,7118,15.0,76.3,0.7,0.0,0.9751
372,3016.0,0.9997,1.0,0.9487,0.7257,6137,2.7,95.6,0.0,0.0,0.9988
373,3017.01,0.9131,0.8308,0.871,0.6385,5494,0.0,87.6,2.6,0.0,0.8943
374,3017.02,0.9506,0.8185,0.9269,0.3216,4460,0.0,96.5,0.0,0.0,0.8338
375,3018.01,0.9487,0.4527,0.9582,0.5516,4719,0.0,98.5,0.0,0.0,0.832
376,3018.02,0.9856,0.6063,0.9389,0.6886,7807,0.9,96.6,0.0,0.3,0.9198
377,3018.03,0.9496,0.2945,0.9177,0.4429,5483,0.0,96.5,0.0,0.0,0.7589
378,3102.0,0.6379,0.3194,0.7605,0.817,3116,3.8,42.8,17.1,0.0,0.6855
379,3103.0,0.8351,0.4284,0.8124,0.6959,3264,3.5,65.9,5.0,0.0,0.7795
380,3104.0,0.4521,0.0657,0.7522,0.5627,1855,2.2,45.1,12.3,0.0,0.3839
381,3105.0,0.8864,0.8249,0.8256,0.1579,2486,0.0,80.1,0.5,0.0,0.7162
382,3106.0,0.7718,0.0961,0.7593,0.9045,9931,4.4,54.5,6.5,0.0,0.7291
383,3107.0,0.9764,0.3406,0.8032,0.9622,3035,2.7,60.8,7.9,0.0,0.9524
384,3108.0,0.8252,0.1572,0.848,0.5467,6917,1.3,77.2,4.8,0.0,0.6698
385,3109.0,0.9048,0.6972,0.8302,0.4456,8138,1.8,76.6,1.2,0.0,0.8028
386,3201.0,0.2638,0.4564,0.6208,0.93,40768,4.4,9.2,26.3,0.0,0.5725
387,3204.0,0.3839,0.0218,0.5726,0.9527,23349,10.6,7.1,17.3,0.0,0.4115
388,3206.0,0.1892,0.0206,0.5665,0.9484,8668,8.2,9.6,17.4,0.0,0.2945
389,3302.0,0.2614,0.856,0.6752,0.4877,6623,20.2,5.4,20.4,0.0,0.4994
390,3403.0,0.8649,0.9911,0.8784,0.6966,1514,0.0,15.5,75.2,0.0,0.9509
391,3404.0,0.8415,0.2795,0.8692,0.8572,2629,4.7,3.9,80.1,0.0,0.817
392,3405.0,0.8225,0.6751,0.7062,0.9321,3592,4.7,13.7,36.2,0.0,0.899
393,3406.0,0.9717,0.8375,0.9011,0.7141,6201,91.0,0.0,0.0,0.0,0.9459
394,3501.0,0.4582,0.0252,0.8938,0.7383,2347,34.9,2.7,52.0,0.6,0.3919
395,3504.0,0.9708,0.7122,0.9785,0.8139,7305,99.6,0.0,0.0,0.0,0.9558
396,3510.0,0.7214,0.0848,0.9177,0.3867,7734,74.7,1.7,13.1,0.0,0.5283
397,3511.0,0.9278,0.8615,0.9607,0.6271,10824,89.7,7.9,0.0,0.0,0.9189
398,3514.0,0.9579,0.973,0.9091,0.9475,7046,87.6,5.4,2.2,0.0,0.9951
399,3515.0,0.7623,0.2494,0.8443,0.5937,2940,51.8,7.0,24.4,0.0,0.6791
400,3602.0,0.9091,0.9598,0.9757,0.7131,4298,89.1,4.4,6.0,0.0,0.9579
401,3801.0,0.8262,0.3805,0.9122,0.7804,6083,91.7,1.0,0.0,1.0,0.8068
402,3802.0,0.6136,0.6044,0.973,0.4115,3858,95.1,0.5,1.3,0.0,0.6278
403,3812.0,0.5436,0.1207,0.9546,0.3636,6833,92.8,1.6,0.0,0.0,0.4407
404,3814.0,0.9893,0.9595,0.9607,0.5845,9326,84.9,8.9,3.9,0.0,0.9665
405,3815.0,0.9625,0.8191,0.9269,0.7006,1905,94.5,0.0,0.0,0.0,0.9389
406,3817.0,0.0,0.0,0.0,0.0,2632,0.0,0.0,0.0,0.0,0.0
407,3818.0,0.7933,0.4054,0.8741,0.8738,8610,86.3,1.9,1.7,0.0,0.8256
408,3819.0,0.7432,0.6701,0.9091,0.4576,4044,88.0,1.3,0.4,0.4,0.7236
409,3901.0,0.6784,0.2528,0.8873,0.4886,4493,74.6,1.1,4.2,3.1,0.5995
410,3902.0,0.4054,0.6883,0.8167,0.5946,4585,57.4,3.7,6.6,0.0,0.5814
411,3903.0,0.8216,0.9853,0.8578,0.9241,8959,82.8,3.0,0.9,0.2,0.973
412,3904.0,0.8477,0.57,0.8591,0.8836,9123,84.2,1.0,0.0,0.0,0.8867
413,3905.0,0.6729,0.2036,0.8023,0.6705,2599,60.3,6.0,6.8,0.0,0.6262
414,3906.0,0.5645,0.836,0.6945,0.7279,3026,45.4,1.9,4.4,0.0,0.7178
415,3907.0,0.4558,0.2515,0.8072,0.6548,7742,58.3,1.2,11.9,0.0,0.5304
416,4003.0,0.8424,0.914,0.9757,0.867,11536,92.4,7.1,0.0,0.0,0.9518
417,4004.0,0.8977,0.9463,0.9146,0.8971,10563,96.0,0.0,0.0,0.0,0.9739
418,4005.0,0.9533,0.8366,0.9671,0.3747,12378,97.5,0.4,0.0,0.4,0.8664
419,4008.0,0.9785,0.7045,0.9607,0.7058,14641,93.0,1.8,0.0,0.0,0.934
420,4101.0,0.6517,0.0666,0.7716,0.9398,3555,37.2,12.7,8.0,0.0,0.6545
421,4102.0,0.6241,0.0482,0.7283,0.9272,1112,31.9,11.3,13.9,0.6,0.6014
422,4105.0,0.5743,0.0854,0.732,0.7288,5398,37.5,3.7,17.5,0.0,0.5273
423,4106.0,0.7015,0.0584,0.708,0.7491,2640,18.5,16.0,15.5,0.0,0.5737
424,4107.0,0.7457,0.1579,0.6976,0.8781,3952,22.3,9.1,17.7,0.0,0.719
425,4108.0,0.4641,0.1109,0.6828,0.9693,5768,17.6,5.5,19.3,0.0,0.6121
426,4109.0,0.5553,0.0387,0.6208,0.8504,4750,21.5,4.6,8.2,0.1,0.4886
427,4110.0,0.6078,0.2525,0.7393,0.9604,4873,38.5,4.9,10.1,0.3,0.7362
428,4111.0,0.2346,0.2816,0.5698,0.7721,3020,3.8,4.7,18.2,0.0,0.4294
429,4112.0,0.3805,0.4972,0.5932,0.9334,1741,6.3,7.9,17.8,0.0,0.6351
430,4201.0,0.8999,0.8428,0.9343,0.6063,5246,89.8,2.0,2.2,0.0,0.8876
431,4202.0,0.7227,0.5424,0.821,0.7779,4028,65.0,4.7,6.3,0.0,0.7663
432,4203.0,0.8234,0.0451,0.7624,0.9619,3113,37.3,7.8,16.8,0.0,0.7442
433,4204.0,0.9229,0.6729,0.8072,0.3937,4950,53.0,9.5,10.7,0.0,0.7927
434,4205.0,0.9241,0.5955,0.973,0.727,12862,97.7,0.5,1.2,0.0,0.8907
435,4206.0,0.9291,0.8022,0.9091,0.6775,12001,89.5,3.0,0.0,0.0,0.9122
436,4207.0,0.9484,0.601,0.9644,0.6711,30497,94.6,2.2,0.0,0.0,0.8934
437,4208.0,0.9192,0.738,0.9389,0.8145,11176,88.4,0.0,0.7,0.0,0.9312
438,4212.0,0.9754,0.6873,0.9475,0.7242,7639,91.2,2.2,0.0,3.4,0.9324
439,4301.01,0.9189,0.1493,0.953,0.606,16486,95.9,2.7,0.0,0.0,0.75
440,4301.02,0.7135,0.3071,0.9401,0.8851,8791,93.0,2.1,0.8,0.0,0.7709
441,4302.0,0.918,0.5313,0.9054,0.9026,19747,89.3,4.1,0.7,1.3,0.9272
442,4303.0,0.762,0.8848,0.9644,0.871,11583,97.3,1.7,0.0,0.0,0.9143
443,4304.0,0.7973,0.6238,0.93,0.9831,13146,91.1,2.4,0.0,0.0,0.9444
444,4305.0,0.9281,0.8093,0.953,0.8747,17208,97.1,1.1,0.0,0.0,0.9625
445,4306.0,0.5983,0.6889,0.9564,0.8799,9704,90.3,3.6,0.4,0.0,0.7921
446,4307.0,0.9072,0.3093,0.9156,0.7985,6690,94.2,1.3,0.0,0.0,0.8412
447,4308.0,0.7036,0.4177,0.9785,0.5132,6706,96.0,2.6,0.0,0.0,0.6723
448,4309.0,0.8587,0.8191,0.973,0.5842,7127,98.1,0.0,0.1,0.0,0.8658
449,4312.0,0.5912,0.5501,0.9671,0.1913,10690,96.9,0.3,0.0,0.0,0.5246
450,4313.01,0.9395,0.7933,0.9027,0.8821,18711,90.4,2.9,0.6,0.0,0.9631
451,4313.02,0.9435,0.8603,0.953,0.9205,22317,87.6,10.9,0.0,0.0,0.9776
452,4314.0,0.8421,0.9558,0.8821,0.9628,21760,88.7,1.4,0.2,0.0,0.9797
453,4401.01,0.9914,0.4472,0.9785,0.8802,24823,96.0,1.7,0.0,0.0,0.9545
454,4401.02,0.7847,0.2294,0.9027,0.3022,20413,92.2,2.3,0.0,0.0,0.5964
455,4402.01,0.7611,0.8317,0.9757,0.5255,17777,95.6,0.0,0.0,0.0,0.7948
456,4402.02,0.8385,0.5851,0.988,0.277,10225,97.6,1.6,0.0,0.0,0.7076
457,4403.0,0.7792,0.4803,0.988,0.3947,14240,98.1,0.0,0.0,0.0,0.6947
458,4406.0,0.7475,0.82,0.988,0.0332,5997,98.2,1.4,0.0,0.0,0.551
459,4407.0,0.7205,0.5903,0.9644,0.2933,4312,99.1,0.0,0.0,0.0,0.6416
460,4408.0,0.9662,0.4367,0.9582,0.6695,5911,95.2,2.5,0.8,0.0,0.8768
461,4409.0,0.8661,0.4739,0.9859,0.6081,9027,99.9,0.0,0.0,0.0,0.8059
462,4503.0,0.7902,0.5396,0.9564,0.1883,12706,93.6,0.0,0.0,0.0,0.633
463,4601.0,0.9174,0.6877,0.93,0.7865,14920,78.3,15.8,1.3,0.0,0.9115
464,4602.0,0.9905,0.9948,0.8858,0.8947,8828,22.1,70.6,0.0,0.0,0.9972
465,4603.01,0.9905,0.9284,0.9582,0.2915,11183,67.0,30.6,0.2,0.4,0.8959
466,4603.02,0.9263,0.6308,0.8717,0.7291,16140,83.9,5.8,0.0,0.0,0.8879
467,4604.0,0.7104,0.5405,0.9837,0.3953,13126,98.3,0.0,0.0,0.0,0.6665
468,4605.0,0.5918,0.1216,0.9816,0.4807,20230,98.2,1.4,0.0,0.0,0.5157
469,4606.0,0.9794,0.9109,0.9441,0.777,6333,70.0,26.1,0.6,0.0,0.9724
470,4607.0,0.9794,0.9109,0.9441,0.777,11817,70.0,26.1,0.6,0.0,0.9724
471,4610.0,0.8501,0.9816,0.8876,0.7955,7899,56.6,35.5,0.0,0.0,0.957
472,4701.0,0.8277,0.84,0.9334,0.8163,10305,88.9,7.2,0.0,0.0,0.906
473,4801.0,0.6044,0.5003,0.973,0.2393,7829,98.1,0.3,0.0,0.0,0.5433
474,4802.0,0.6999,0.5989,0.988,0.2764,4351,88.9,3.0,0.0,0.0,0.6284
475,4803.0,0.6431,0.5326,0.9463,0.3596,4807,93.1,3.2,0.0,0.7,0.6106
476,4804.0,0.41,0.5307,0.9757,0.2144,14288,98.9,0.4,0.0,0.3,0.4367
477,4805.0,0.7936,0.976,0.9475,0.3882,8278,81.8,15.6,0.3,0.0,0.8323
478,4903.0,0.6499,0.7859,0.9441,0.148,6776,96.6,0.0,0.0,0.0,0.5774
479,4904.0,0.6499,0.7859,0.9441,0.148,2826,96.6,0.0,0.0,0.0,0.5774
480,4905.0,0.7822,0.9389,0.9441,0.2955,8245,94.2,1.1,1.3,0.0,0.7684
481,4906.0,0.8102,0.7205,0.8772,0.2727,5925,89.2,0.0,1.8,0.0,0.7045
482,4907.0,0.832,0.7168,0.988,0.1207,10171,97.8,2.2,0.0,0.0,0.6588
483,4908.0,0.8735,0.3842,0.9546,0.4588,13066,97.0,0.3,0.2,0.4,0.7432
484,4909.01,0.98,0.5577,0.988,0.5175,15012,97.4,2.3,0.0,0.0,0.8704
485,4909.02,0.7518,0.6597,0.988,0.4155,17202,98.1,0.9,0.5,0.0,0.7221
486,4910.0,0.9926,0.5756,0.9859,0.9579,26284,96.1,1.8,0.6,0.0,0.9828
487,4911.0,0.8345,0.6858,0.9269,0.6204,11837,92.5,3.7,0.0,0.0,0.8249
488,4912.0,0.8268,0.9248,0.9119,0.3388,10414,88.5,4.4,0.0,0.0,0.7973
489,4913.0,0.9588,0.5762,0.9644,0.9048,12695,97.4,0.7,0.0,0.0,0.9592
490,4914.0,0.9671,0.9005,0.9343,0.9936,19725,95.3,0.1,0.0,0.0,0.9979
491,5001.0,0.4459,0.2297,0.9546,0.047,9075,97.7,1.0,0.0,0.0,0.2457
492,5002.0,0.9029,0.6505,0.9546,0.5811,10889,93.4,0.0,0.0,0.0,0.8483
493,5003.0,0.91,0.4592,0.6942,0.1873,6078,30.9,16.0,0.3,0.0,0.6511
494,5101.0,0.9696,0.9383,0.8615,0.3753,5190,13.0,75.8,0.0,0.0,0.8965
495,5102.0,0.9155,0.9278,0.8922,0.4168,6820,69.5,23.3,0.0,0.0,0.8701
496,5103.0,0.8544,0.8775,0.9696,0.394,20106,99.3,0.0,0.0,0.0,0.8213
497,5201.0,0.844,0.6904,0.8723,0.6404,4651,0.0,90.4,0.0,0.0,0.8305
498,5202.0,0.8492,0.918,0.8634,0.3176,7498,8.2,80.5,0.4,0.0,0.7942
499,5203.0,0.9383,0.949,0.8582,0.1677,8318,0.3,88.0,0.0,0.0,0.8071
500,5204.0,0.859,0.8277,0.8631,0.2893,5677,1.2,87.7,0.1,0.0,0.7571
501,5205.0,0.5952,0.8713,0.8299,0.1585,3971,1.8,78.3,0.7,0.0,0.5666
502,3805.0,0.6935,0.5114,0.9146,0.703,2741,94.1,1.0,0.0,0.2,0.734
503,3807.0,0.6935,0.5114,0.9146,0.703,4770,94.1,1.0,0.0,0.2,0.734
504,8410.0,0.1468,0.1281,0.6426,0.1287,28908,2.4,5.3,33.5,0.0,0.1069
505,8359.0,0.8314,0.9837,0.8615,0.8213,12905,84.2,2.7,1.5,0.0,0.9549
506,5206.0,0.4969,0.9785,0.8545,0.3013,3815,0.0,86.7,0.6,0.0,0.637
507,5301.0,0.9886,0.9797,0.9785,0.6576,9610,36.8,57.8,0.0,0.0,0.9782
508,5302.0,0.9349,0.7976,0.9696,0.2819,23515,93.7,5.6,0.0,0.0,0.8105
509,5303.0,0.852,0.6649,0.9671,0.2647,13472,96.1,0.0,0.0,0.6,0.7288
510,5304.0,0.746,0.6803,0.9401,0.2343,6233,94.2,2.9,0.0,0.0,0.6554
511,5305.01,0.871,0.5547,0.9401,0.7936,20305,94.1,2.6,0.0,0.0,0.871
512,5305.02,0.7979,0.6966,0.988,0.0623,5103,96.3,3.3,0.0,0.0,0.5851
513,5305.03,0.7955,0.6784,0.9837,0.3894,15563,95.3,1.8,0.0,0.0,0.7423
514,5306.0,0.7893,0.6336,0.9757,0.8716,11549,94.5,1.2,0.0,0.0,0.8784
515,5401.01,0.9094,0.391,0.9696,0.8679,17659,93.2,6.1,0.0,0.0,0.8928
516,5401.02,0.9327,0.4315,0.9546,0.6213,14183,98.2,0.5,0.0,0.0,0.8391
517,5501.0,0.8191,0.676,0.7495,0.8725,11484,7.6,55.3,0.0,0.0,0.8759
518,5502.0,0.606,0.3796,0.7482,0.1787,3841,5.0,57.8,0.0,0.0,0.4576
519,5601.0,0.7543,0.75,0.8649,0.5697,3416,17.0,65.3,6.8,0.0,0.7715
520,5602.0,0.8166,0.8587,0.9401,0.2583,6953,61.4,34.6,0.0,0.0,0.746
521,5603.0,0.8673,0.8572,0.8161,0.3569,4024,2.2,73.4,0.8,0.0,0.7912
522,5604.0,0.8953,0.9868,0.8072,0.5749,2875,2.9,69.2,3.5,0.0,0.9275
523,5607.0,0.8658,0.5077,0.7249,0.8768,5045,1.2,57.9,0.2,0.0,0.8679
524,5608.0,0.6744,0.7755,0.7286,0.3262,6146,4.2,54.9,0.4,0.0,0.6364
525,5609.0,0.383,0.2746,0.6392,0.2307,4211,0.0,43.7,0.8,0.0,0.3136
526,5610.0,0.0958,0.3999,0.6088,0.3056,4032,0.0,40.4,0.0,0.0,0.2178
527,5611.0,0.5728,0.5028,0.6798,0.1628,4995,0.2,50.1,0.7,0.0,0.4453
528,5701.0,0.7242,0.6339,0.8492,0.5031,3109,0.0,79.4,5.7,0.0,0.7095
529,5702.0,0.5903,0.3704,0.8585,0.4512,4645,0.0,80.6,7.8,0.0,0.5651
530,5703.0,0.8867,0.6999,0.8483,0.5611,8662,1.8,79.8,4.3,0.0,0.8262
531,5704.0,0.7712,0.6665,0.8376,0.7783,4761,0.1,80.3,3.4,0.0,0.8222
532,5705.0,0.8572,0.238,0.8284,0.2847,3371,0.0,78.9,2.3,0.0,0.6247
533,5801.0,0.9373,0.8299,0.8901,0.4788,4700,6.9,46.0,36.9,1.0,0.8716
534,5802.0,0.9527,0.8486,0.8953,0.199,4842,0.2,82.2,11.7,0.0,0.7958
535,5803.0,0.9017,0.6133,0.9002,0.0479,2446,0.3,79.7,13.2,0.0,0.6041
536,5804.0,0.8526,0.4549,0.8757,0.4493,7830,0.1,77.5,13.2,0.0,0.7389
537,5805.01,0.9109,0.6735,0.8747,0.898,7864,0.0,80.1,10.3,0.0,0.938
538,5805.02,0.9736,0.7184,0.891,0.6136,6484,0.3,83.4,8.6,0.0,0.9039
539,5806.0,0.9558,0.8102,0.8557,0.6367,7050,2.6,76.4,8.4,0.0,0.9155
540,5807.0,0.934,0.8765,0.88,0.2853,7398,3.9,77.3,8.5,0.0,0.8209
541,5808.0,0.8897,0.5995,0.9564,0.223,3298,0.0,97.6,1.2,0.0,0.715
542,5905.0,0.758,0.5832,0.825,0.7451,4463,3.2,42.6,31.9,0.0,0.7853
543,5906.0,0.7248,0.6038,0.8099,0.2697,4110,0.0,52.6,22.1,0.0,0.6201
544,5907.0,0.777,0.1336,0.8692,0.5476,5062,0.9,70.4,18.4,0.0,0.6318
545,6004.0,0.8925,0.5627,0.774,0.5074,3557,6.3,3.9,58.0,0.0,0.7767
546,6006.0,0.9392,0.5928,0.8201,0.3133,3393,0.0,31.8,47.3,0.0,0.7583
547,6007.0,0.7819,0.5811,0.7725,0.5405,3545,0.0,24.1,42.7,0.0,0.7337
548,6009.0,0.7865,0.2254,0.7181,0.5439,6174,7.6,15.2,35.0,0.0,0.6508
549,6103.0,0.9982,0.6677,0.9202,0.8735,12832,4.7,86.0,5.1,0.0,0.9717
550,6104.0,0.9957,0.9294,0.93,0.2832,4387,2.0,95.1,0.0,0.0,0.898
551,6108.0,0.7116,0.6907,0.5312,0.2362,2091,0.0,23.9,3.0,0.0,0.5786
552,6112.0,0.9816,0.9223,0.8812,0.7813,8093,14.9,76.0,0.6,0.0,0.9733
553,6113.0,0.9988,0.9991,0.8858,0.4659,9518,2.6,90.0,0.0,0.0,0.9865
554,6114.0,0.9945,0.7816,0.9343,0.7755,6346,0.9,95.8,0.0,0.0,0.9662
555,6115.0,0.9975,0.9527,0.8968,0.9315,5709,10.9,83.2,0.3,0.0,0.9963
556,6301.0,0.9975,0.9527,0.8968,0.9315,3961,10.9,83.2,0.3,0.0,0.9963
557,6116.0,0.9739,0.8661,0.9816,0.4647,5454,55.5,42.5,0.5,0.0,0.9054
558,6117.0,0.9985,0.3934,0.988,0.5614,8106,31.8,68.2,0.0,0.0,0.8781
559,6118.0,0.9456,0.3937,0.988,0.1907,8336,63.5,36.0,0.5,0.0,0.7039
560,6119.0,0.9748,0.9711,0.9343,0.3145,11426,63.4,34.2,0.0,0.0,0.902
561,6120.0,0.9555,0.4711,0.9122,0.6834,6512,89.3,6.1,0.6,0.0,0.8747
562,6121.0,0.9773,0.9926,0.988,0.6192,5652,83.6,16.4,0.0,0.0,0.9779
563,6110.0,0.9969,0.9791,0.8922,0.3385,4996,26.9,64.4,1.9,0.0,0.9346
564,6111.0,0.9969,0.9791,0.8922,0.3385,5173,26.9,64.4,1.9,0.0,0.9346
565,6201.0,0.6923,0.7024,0.88,0.1898,8417,0.0,86.5,5.1,0.0,0.5955
566,6202.0,0.7328,0.4681,0.7639,0.238,4149,0.0,63.3,2.7,0.0,0.5789
567,6203.0,0.8879,0.8943,0.8311,0.8851,7831,1.3,79.2,1.5,0.2,0.9573
568,6204.0,0.8793,0.9119,0.8839,0.3956,5104,0.7,88.7,2.5,0.0,0.8366
569,6303.0,0.9137,0.684,0.9073,0.7945,9956,0.4,94.1,0.9,0.0,0.9088
570,6304.0,0.9966,0.668,0.9177,0.524,7455,1.3,94.6,0.5,0.0,0.8999
571,6305.0,0.8996,0.8197,0.9401,0.9386,8563,0.3,97.7,0.0,0.0,0.9681
572,6302.0,0.9699,0.805,0.9042,0.4988,3605,7.5,85.2,2.5,0.0,0.8925
573,6308.0,0.9727,0.6689,0.93,0.4622,9098,1.8,95.1,0.2,0.0,0.8649
574,6309.0,0.902,0.7684,0.8839,0.8934,6644,6.9,83.5,1.5,0.0,0.9475
575,6401.0,0.7844,0.4011,0.8302,0.476,2989,2.1,77.6,0.0,0.0,0.6864
576,6403.0,0.774,0.2789,0.7522,0.4856,7245,3.5,59.3,0.0,1.0,0.6443
577,6404.0,0.6201,0.7356,0.6242,0.2021,3714,3.7,35.4,0.0,0.0,0.5375
578,6405.0,0.4687,0.2436,0.6681,0.1996,2531,0.7,46.8,1.5,0.0,0.336
579,6406.0,0.8203,0.5992,0.7209,0.2457,4485,2.7,54.7,1.5,0.0,0.6554
580,6407.0,0.84,0.8154,0.7863,0.5332,3970,1.6,69.4,0.0,0.0,0.8114
581,6408.0,0.5894,0.4662,0.8253,0.0666,2243,2.7,76.3,1.4,0.0,0.3876
582,6501.0,0.9549,0.6106,0.836,0.7528,6311,0.5,82.7,0.0,0.0,0.9014
583,6502.0,0.7835,0.7488,0.8357,0.2869,7995,0.0,83.3,0.0,0.0,0.6966
584,6503.01,0.8084,0.8471,0.8434,0.6748,6584,2.0,81.3,0.6,0.6,0.855
585,6503.02,0.8747,0.5967,0.9217,0.1219,5744,0.0,96.5,0.0,0.0,0.6462
586,6504.0,0.98,0.7776,0.9103,0.5522,7636,2.4,92.9,0.7,0.0,0.9051
587,6505.0,0.664,0.6987,0.8345,0.7494,16321,11.7,70.6,0.0,0.0,0.7561
588,6603.01,0.9788,0.9665,0.9269,0.6791,6289,31.6,64.9,0.0,0.0,0.9721
589,6603.02,0.9862,0.8974,0.9757,0.2552,10335,23.3,76.0,0.0,0.0,0.8722
590,6604.0,0.9923,0.8216,0.9079,0.5817,8015,1.6,94.0,0.0,0.0,0.9343
591,6605.0,0.9911,0.7764,0.9079,0.4979,10128,5.3,89.6,0.7,0.0,0.9023
592,6606.0,0.9846,0.9309,0.9564,0.8249,22885,38.0,59.9,0.0,0.0,0.9831
593,6607.0,0.9902,0.9576,0.988,0.8139,10773,88.5,11.2,0.3,0.0,0.9886
594,6608.0,0.969,0.9358,0.9441,0.6244,17193,48.5,46.4,0.8,0.0,0.9561
595,6609.0,0.938,0.9072,0.9251,0.8526,20331,78.3,14.8,0.4,0.0,0.9708
596,6610.0,0.9822,0.9862,0.9487,0.4272,18578,69.6,22.6,0.0,0.0,0.9515
597,6611.0,0.9235,0.457,0.9189,0.1741,9552,34.1,58.1,0.3,0.0,0.6843
598,6701.0,0.9742,0.7365,0.9217,0.1032,7482,72.8,24.0,0.0,0.0,0.7383
599,6702.0,0.9619,0.2488,0.9156,0.734,8017,95.2,0.7,0.0,0.5,0.8471
600,6703.0,0.9334,0.8986,0.9079,0.7061,8075,78.3,13.5,0.7,0.0,0.9407
601,6704.0,0.9638,0.9932,0.988,0.2936,8335,85.1,14.9,0.0,0.0,0.926
602,6705.0,0.9745,0.98,0.988,0.4091,7101,76.6,22.2,0.0,1.2,0.9398
603,6706.0,0.9831,0.9985,0.9757,0.3016,7196,79.6,19.9,0.0,0.0,0.9542
604,6707.0,0.9767,0.7807,0.9816,0.8197,10716,59.0,40.7,0.0,0.0,0.9653
605,6708.0,0.9819,0.7061,0.988,0.8369,9367,97.7,2.3,0.0,0.0,0.9647
606,6709.0,0.7626,0.7964,0.9251,0.3234,7676,86.7,5.7,0.0,0.0,0.7214
607,6711.0,0.9426,0.8947,0.9696,0.0924,7373,94.7,1.2,0.0,0.0,0.7515
608,6712.0,0.9066,0.9459,0.9343,0.6539,9977,97.6,0.0,0.0,0.0,0.9352
609,6713.0,0.9441,0.7006,0.988,0.4306,12438,94.3,5.7,0.0,0.0,0.8449
610,6714.0,0.98,0.8956,0.988,0.1597,9180,66.5,13.7,0.0,0.0,0.8265
611,6715.0,0.8692,0.8283,0.9644,0.5802,18646,87.5,11.5,0.0,0.0,0.8682
612,6716.0,0.977,0.7881,0.9011,0.8071,12915,94.0,0.0,0.7,0.0,0.9604
613,6718.0,0.769,0.9988,0.9785,0.539,6345,96.8,2.5,0.0,0.0,0.9168
614,6719.0,0.8584,0.9023,0.9134,0.3265,4754,66.8,26.7,0.0,0.0,0.8034
615,6720.0,0.8504,0.9395,0.9671,0.523,16420,97.3,0.4,0.0,0.0,0.8811
616,6805.0,0.9917,0.9972,0.9217,0.1526,7420,76.1,20.7,0.0,0.0,0.9011
617,6806.0,0.9622,0.5697,0.9837,0.3259,8577,99.6,0.0,0.2,0.0,0.8004
618,6809.0,0.9951,0.9484,0.9401,0.7205,25102,91.4,0.5,2.3,0.0,0.9785
619,6810.0,0.9776,0.3133,0.973,0.5286,18587,94.3,1.5,0.0,0.0,0.82
620,6811.0,0.9681,0.7844,0.9816,0.48,20832,96.5,2.5,0.0,0.0,0.89
621,6812.0,0.9877,0.8931,0.9156,0.8415,15863,88.4,0.6,0.0,0.3,0.9791
622,6813.0,0.9979,0.7512,0.973,0.8876,14856,97.2,0.6,1.7,0.0,0.9819
623,6814.0,0.9008,0.9721,0.988,0.5353,15386,94.0,2.5,0.0,3.5,0.9241
624,6903.0,0.8937,0.9764,0.9217,0.9014,11497,95.6,0.8,0.0,0.3,0.98
625,6904.0,0.9561,0.3292,0.988,0.816,19039,98.7,0.9,0.0,0.0,0.895
626,6905.0,0.8922,0.5679,0.988,0.2205,5354,100.0,0.0,0.0,0.0,0.7147
627,6909.0,0.8925,0.8523,0.973,0.3965,16957,93.4,1.7,0.0,0.0,0.8351
628,6910.0,0.774,0.641,0.9837,0.9072,11600,99.0,0.9,0.0,0.0,0.8894
629,6911.0,0.8861,0.707,0.9374,0.9244,16077,94.0,0.9,0.0,0.0,0.9484
630,6912.0,0.9521,0.7116,0.9785,0.9641,18264,99.0,0.0,0.0,0.0,0.9813
631,6913.0,0.8541,0.5264,0.988,0.2233,10678,88.1,10.0,0.0,0.0,0.6873
632,6914.0,0.8971,0.9426,0.988,0.1935,15126,95.4,1.4,0.9,0.0,0.8037
633,6915.0,0.9585,0.8876,0.93,0.4994,13655,94.7,2.3,0.0,0.0,0.9069
634,7001.0,0.8471,0.4856,0.9696,0.2276,9367,61.2,36.1,0.2,0.0,0.676
635,7002.0,0.8369,0.8581,0.8796,0.2844,8326,16.9,71.9,1.7,0.0,0.7546
636,7003.01,0.8302,0.6781,0.821,0.3289,5451,5.5,72.4,0.7,0.3,0.7196
637,7003.02,0.75,0.769,0.8084,0.2282,5045,16.5,58.9,0.0,0.0,0.6585
638,7004.01,0.8805,0.4883,0.9177,0.4269,11747,53.4,38.9,1.5,0.0,0.7509
639,7004.02,0.8148,0.735,0.8806,0.2485,4876,62.3,28.9,0.1,0.0,0.7015
640,7005.01,0.5129,0.4327,0.9217,0.4358,13020,89.8,3.5,1.5,0.0,0.5424
641,7005.02,0.6084,0.6176,0.8858,0.7018,3736,80.7,10.8,0.0,0.0,0.7064
642,7101.0,0.7807,0.2902,0.988,0.3492,6660,95.1,4.2,0.0,0.0,0.6385
643,7102.0,0.8446,0.9831,0.9401,0.8317,22428,97.1,0.0,0.2,0.0,0.965
644,7103.0,0.766,0.5537,0.988,0.5795,7265,87.8,7.9,0.0,2.3,0.7568
645,7104.0,0.8529,0.8292,0.9696,0.3194,18672,94.1,4.6,0.0,0.0,0.7789
646,7105.0,0.8707,0.9045,0.9837,0.5203,16602,95.6,1.9,0.3,0.0,0.8762
647,7106.0,0.8913,0.8725,0.9217,0.5666,9502,91.5,0.0,0.0,0.0,0.8808
648,7107.0,0.82,0.7245,0.9785,0.9066,12577,99.3,0.3,0.0,0.0,0.9248
649,7108.0,0.9601,0.8249,0.9859,0.6609,21313,98.9,0.1,0.9,0.0,0.9373
650,7109.0,0.8335,0.7088,0.988,0.664,13397,93.9,4.8,0.0,0.0,0.851
651,7110.0,0.894,0.7561,0.8968,0.5544,13546,92.6,0.0,1.5,0.0,0.8486
652,7111.0,0.7985,0.4708,0.988,0.4665,10953,97.3,2.4,0.0,0.3,0.7307
653,7112.0,0.8643,0.9198,0.9816,0.2049,12120,84.3,12.3,0.0,0.0,0.7761
654,7113.0,0.8603,0.8268,0.9269,0.5494,4869,96.8,0.0,0.2,0.0,0.8489
655,7114.0,0.8655,0.7985,0.9859,0.1763,10610,93.6,5.0,0.0,0.0,0.7325
656,7115.0,0.8431,0.9036,0.988,0.1757,8162,99.4,0.4,0.0,0.0,0.7479
657,7201.0,0.2746,0.1533,0.607,0.0501,5849,25.1,11.0,2.1,0.0,0.1143
658,7202.0,0.3053,0.7101,0.7019,0.211,5466,47.6,4.9,0.5,0.0,0.3759
659,7203.0,0.11,0.1744,0.6263,0.0995,3467,32.6,5.9,0.5,0.0,0.0952
660,7204.0,0.0596,0.0679,0.2072,0.0633,1752,5.5,4.6,0.2,0.0,0.015
661,7205.0,0.0261,0.0571,0.2484,0.0534,1842,1.8,11.2,0.5,0.0,0.008
662,7206.0,0.1155,0.1271,0.5566,0.125,1846,32.8,2.3,0.0,0.0,0.0897
663,7207.0,0.1207,0.109,0.8023,0.273,4774,59.1,1.8,2.2,0.0,0.1689
664,7301.0,0.8142,0.8925,0.9343,0.3397,6275,96.5,0.5,0.0,0.0,0.7779
665,7302.01,0.9039,0.3848,0.9487,0.7128,17261,92.8,4.8,0.5,0.0,0.8345
666,7302.02,0.6809,0.6213,0.9607,0.3053,7031,98.3,0.2,0.3,0.0,0.6259
667,7303.0,0.9134,0.9149,0.988,0.4963,4071,98.8,0.0,1.2,0.0,0.8968
668,7304.0,0.5584,0.4072,0.9064,0.4211,11859,90.9,2.4,0.0,0.2,0.5541
669,7305.0,0.8105,0.5393,0.9816,0.1625,12796,97.7,0.0,0.0,0.0,0.6333
670,7306.0,0.6926,0.758,0.9607,0.1517,9128,97.8,0.3,0.0,0.3,0.5992
671,7307.0,0.8636,0.777,0.9607,0.1456,10564,95.4,0.7,0.0,0.0,0.7024
672,7401.0,0.3882,0.8397,0.2929,0.4828,3462,0.0,14.3,1.4,0.0,0.5046
673,7402.0,0.1511,0.2079,0.3469,0.6247,3328,1.6,9.0,1.6,0.0,0.274
674,7403.0,0.0924,0.0838,0.2389,0.4002,3581,1.3,10.8,0.0,0.0,0.1115
675,7404.0,0.1502,0.121,0.4403,0.567,4133,10.0,9.8,3.6,0.0,0.2282
676,7501.0,0.7396,0.1103,0.8839,0.3836,11241,90.1,1.7,0.5,0.0,0.5491
677,7502.0,0.3219,0.1404,0.7903,0.3778,4773,62.7,8.3,0.0,0.0,0.3123
678,7503.0,0.0292,0.4232,0.2106,0.1127,2670,4.2,2.9,1.0,0.0,0.0666
679,7504.0,0.1434,0.0516,0.5944,0.0467,3576,27.9,6.9,1.2,0.7,0.0316
680,7505.0,0.7905,0.9481,0.8185,0.7399,17044,68.7,4.3,0.2,0.0,0.8947
681,7506.0,0.7531,0.8123,0.9401,0.8136,14379,89.0,3.6,0.0,0.0,0.8713
682,7608.01,0.6324,0.2552,0.6954,0.6176,3673,5.7,9.5,35.2,0.0,0.59
683,7608.02,0.6103,0.6388,0.2223,0.5381,1041,0.0,10.8,0.7,0.0,0.5743
684,7608.03,0.68,0.351,0.4037,0.6075,5184,10.2,6.1,5.3,0.0,0.5971
685,7709.02,0.5639,0.5565,0.2622,0.7319,795,0.0,5.4,5.1,0.0,0.5989
686,8104.0,0.0845,0.1723,0.16,0.1569,1204,1.2,1.4,2.4,0.0,0.0685
687,8214.02,0.5488,0.8517,0.9487,0.5685,54,96.7,0.0,0.0,0.0,0.6972
688,8233.04,0.7217,0.848,0.6761,0.8689,145,24.4,22.9,1.3,0.0,0.852
689,8305.0,0.9432,0.8256,0.9582,0.3842,7513,0.0,98.9,0.0,0.0,0.8581
690,8306.0,0.8332,0.4545,0.7599,0.9908,9584,20.9,31.5,6.9,0.2,0.9334
691,8307.0,0.7039,0.1769,0.7347,0.9739,18197,37.9,11.6,10.2,0.0,0.7721
692,8308.0,0.2706,0.0147,0.4369,0.3682,3737,1.7,16.2,6.8,0.0,0.098
693,8309.0,0.1757,0.0267,0.5149,0.5728,12692,2.7,22.8,5.5,0.0,0.1563
694,8310.0,0.0519,0.0129,0.2594,0.316,5081,0.8,8.6,3.4,0.0,0.0193
695,8311.0,0.8123,0.2217,0.7464,0.6665,14990,1.0,56.9,4.3,0.0,0.7052
696,8312.0,0.9195,0.8538,0.8941,0.7503,7836,5.0,87.2,1.9,0.0,0.9303
697,8313.0,0.9644,0.981,0.9401,0.3363,9413,42.3,53.4,2.3,0.0,0.9137
698,8314.0,0.945,0.754,0.8449,0.7942,12346,57.6,23.9,2.9,0.0,0.9327
699,8315.0,0.8471,0.7107,0.7713,0.7049,10234,6.5,56.9,2.4,0.0,0.8415
700,8316.0,0.7635,0.9229,0.8109,0.7958,10003,5.3,66.1,1.6,0.9,0.8854
701,8317.0,0.8514,0.4373,0.7006,0.719,7021,1.7,46.3,7.0,0.0,0.7859
702,8318.0,0.6791,0.2042,0.6902,0.8498,8415,1.6,20.7,24.8,0.0,0.6806
703,8319.0,0.0329,0.0043,0.3694,0.6443,3379,1.2,10.7,5.8,0.0,0.0356
704,8320.0,0.2497,0.0028,0.4403,0.7159,7737,3.7,5.9,11.0,0.0,0.1262
705,8321.0,0.4398,0.0577,0.665,0.7432,4930,34.8,8.4,2.9,0.0,0.4198
706,8322.0,0.0811,0.0049,0.393,0.5144,4932,0.4,12.3,3.8,0.0,0.0381
707,8323.0,0.1222,0.0264,0.5821,0.4711,7984,5.3,19.8,7.7,0.0,0.1152
708,8324.0,0.2743,0.0384,0.5705,0.4871,5546,5.2,24.9,6.9,0.0,0.2024
709,8325.0,0.1996,0.106,0.343,0.9776,9451,4.4,7.8,3.2,0.0,0.4475
710,8326.0,0.164,0.0243,0.2036,0.383,9748,0.0,3.6,4.4,0.0,0.0716
711,8329.0,0.5264,0.0412,0.5207,0.4708,2418,2.3,1.5,28.0,0.0,0.3185
712,8330.0,0.2887,0.0141,0.4566,0.7706,22117,8.3,3.8,10.2,0.0,0.2095
713,8331.0,0.2396,0.0279,0.58,0.9595,14184,9.4,4.6,22.3,0.0,0.3593
714,8333.0,0.6695,0.0209,0.7286,0.89,3443,5.9,8.0,36.1,0.0,0.5353
715,8339.0,0.9868,0.871,0.9671,0.7543,11759,51.6,45.0,1.6,0.6,0.9687
716,8340.0,0.8796,0.6883,0.9785,0.7009,14067,92.7,0.0,0.0,0.0,0.8771
717,8342.0,0.6981,0.6634,0.988,0.3695,25971,99.3,0.2,0.0,0.0,0.6757
718,8343.0,0.7706,0.68,0.9696,0.7307,21069,95.3,0.0,2.0,0.0,0.8259
719,8344.0,0.7411,0.7472,0.9582,0.8888,10319,95.6,1.9,0.0,0.0,0.8821
720,8345.0,0.863,0.594,0.9816,0.6066,8409,89.2,0.0,0.0,0.0,0.8237
721,8346.0,0.9542,0.8314,0.9518,0.8348,20129,80.8,17.7,0.0,0.0,0.9644
722,8347.0,0.9948,0.5952,0.9644,0.6397,14708,96.4,2.4,0.4,0.0,0.922
723,8348.0,0.985,0.9082,0.9859,0.6182,12019,91.7,7.3,0.2,0.7,0.9585
724,8349.0,0.9693,0.7374,0.9607,0.9312,13576,96.0,0.1,0.0,0.0,0.9767
725,8350.0,0.988,0.9619,0.9463,0.7687,25379,41.7,54.1,2.3,0.0,0.985
726,8351.0,0.9656,0.9189,0.9671,0.7251,13178,18.5,79.9,0.6,0.0,0.9659
727,8352.0,0.8087,0.57,0.8041,0.8252,4558,3.8,67.3,4.1,0.0,0.836
728,8355.0,0.965,0.9736,0.9027,0.8913,8305,90.9,2.2,0.0,0.0,0.9905
729,8356.0,0.8725,0.7429,0.988,0.6766,10966,86.6,12.6,0.1,0.0,0.8802
730,8358.0,0.8004,0.3391,0.988,0.5123,6732,85.2,10.7,0.0,0.0,0.7141
731,8360.0,0.6975,0.5894,0.9343,0.4518,7831,94.9,1.2,0.0,0.0,0.6775
732,8361.0,0.9463,0.8934,0.9122,0.9192,12616,79.8,5.1,0.0,0.0,0.9803
733,8362.0,0.4134,0.02,0.6349,0.7408,5918,7.8,12.9,23.1,0.0,0.3087
734,8363.0,0.7076,0.3179,0.7056,0.6585,2535,44.4,1.6,4.5,0.0,0.6628
735,8364.0,0.6913,0.7316,0.9202,0.4846,7737,85.1,8.8,0.7,0.0,0.7104
736,8365.0,0.8563,0.6318,0.8698,0.3424,4647,87.8,0.9,0.0,0.2,0.7396
737,8366.0,0.7092,0.7334,0.8256,0.8808,11837,25.3,53.6,1.6,0.0,0.8397
738,8367.0,0.8646,0.8744,0.9042,0.859,12690,69.7,25.5,0.0,0.0,0.9429
739,8368.0,1.0,0.7257,0.8784,0.945,14272,91.3,0.0,0.0,0.0,0.9908
740,8369.0,0.9647,0.8919,0.8677,0.5673,6206,77.0,9.2,1.3,0.0,0.9254
741,8370.0,0.9536,0.5236,0.8747,0.9843,11131,75.7,9.2,0.0,0.0,0.9754
742,8371.0,0.9318,0.8658,0.8456,0.7457,9992,69.2,10.3,1.9,0.7,0.9349
743,8373.0,0.9315,0.7479,0.9122,0.8437,10547,90.3,2.6,2.6,0.0,0.945
744,8374.0,0.8943,0.8593,0.8987,0.8474,9852,83.6,8.4,0.5,0.0,0.9447
745,8378.0,0.6867,0.2168,0.8136,0.7525,17189,60.0,7.1,7.8,0.0,0.6652
746,8380.0,0.7558,0.8148,0.841,0.7303,11802,56.5,17.1,1.5,0.0,0.8317
747,8381.0,0.9186,0.2786,0.7912,0.9208,11442,53.0,10.2,9.1,0.0,0.8814
748,8382.0,0.5313,0.0645,0.7756,0.582,9491,32.5,18.0,15.9,0.0,0.4438
749,8383.0,0.2337,0.0092,0.6742,0.965,10533,23.7,4.0,18.5,0.0,0.3114
750,8386.0,0.9607,0.9134,0.9377,0.9979,5853,82.2,12.1,0.0,0.0,0.9994
751,8387.0,0.9678,0.9951,0.9441,0.7079,22851,83.9,14.2,0.0,0.0,0.9862
752,8388.0,0.8722,0.996,0.9328,0.4284,13134,60.4,36.3,0.0,0.0,0.9128
753,8390.0,0.3446,0.0304,0.6002,0.9524,13471,9.1,12.4,15.3,0.4,0.4205
754,8391.0,0.3584,0.0175,0.6641,0.9982,50000,9.4,10.2,26.6,0.1,0.5144
755,8392.0,0.7359,0.4687,0.8526,0.9223,11079,55.8,2.4,15.5,0.0,0.8314
756,8395.0,0.7561,0.7829,0.8293,0.7743,6069,53.7,13.8,4.2,0.0,0.8385
757,8396.0,0.8145,0.8888,0.9054,0.8587,9849,85.2,8.9,0.0,0.0,0.9269
758,8397.0,0.7423,0.3391,0.7719,0.4945,6725,1.2,36.8,28.3,0.4,0.6468
759,8398.0,0.8139,0.3639,0.6632,0.5458,3697,2.8,20.1,24.9,0.0,0.6938
760,8399.0,0.5931,0.2635,0.6709,0.4859,6298,1.5,27.3,18.7,0.0,0.5279
761,8400.0,0.5593,0.637,0.7403,0.3566,2772,0.9,15.8,44.7,0.0,0.5587
762,8401.0,0.8007,0.3004,0.7924,0.699,2961,0.1,9.4,60.7,0.0,0.7368
763,8402.0,0.7767,0.7912,0.8238,0.7285,5311,0.6,16.1,61.8,0.0,0.8357
764,8403.0,0.8243,0.4656,0.8741,0.7884,6866,2.6,54.9,33.2,0.0,0.8194
765,8404.0,0.8907,0.4226,0.8422,0.7138,8069,0.0,39.3,45.3,0.0,0.82
766,8407.0,0.7899,0.6216,0.8321,0.7227,10698,1.5,78.3,1.5,0.0,0.8056
767,8408.0,0.9828,0.8771,0.9475,0.4604,5306,1.0,97.3,0.0,0.0,0.9149
768,8411.0,0.7776,0.9131,0.8621,0.8879,12123,1.4,2.4,84.9,0.0,0.9263
769,8412.0,0.7184,0.8421,0.8468,0.4223,8865,5.6,76.4,3.1,0.3,0.7285
770,8413.0,0.7976,0.4767,0.829,0.7343,9166,2.9,72.0,2.9,0.0,0.7844
771,8415.0,0.9208,0.7454,0.9546,0.8584,15924,95.1,3.1,0.5,0.0,0.9456
772,8416.0,0.9932,0.926,0.8882,0.7712,3957,49.8,42.5,0.0,0.0,0.9764
773,8417.0,0.9932,0.926,0.8882,0.7712,5477,49.8,42.5,0.0,0.0,0.9764
774,8418.0,0.8329,0.9552,0.9607,0.6468,13549,94.8,3.2,0.0,0.0,0.9076
775,8419.0,0.4939,0.0249,0.681,0.9588,24477,17.4,11.4,19.5,0.4,0.5052
776,8420.0,0.6751,0.1232,0.7578,0.9352,5651,32.1,8.7,22.7,0.0,0.7002
777,8421.0,0.961,0.9367,0.9334,0.6121,22600,52.1,44.6,0.4,0.0,0.9512
778,8423.0,0.2331,0.1615,0.5895,0.891,24597,13.3,7.0,9.8,0.0,0.449
779,8424.0,0.8904,0.9192,0.9696,0.5043,28902,95.8,0.3,2.0,0.0,0.8839
780,8425.0,0.9112,0.6646,0.9859,0.5731,10205,98.8,1.1,0.0,0.0,0.8575
781,8426.0,0.4607,0.6431,0.6334,0.5068,14147,7.8,29.6,5.0,0.0,0.5461
782,8428.0,0.8931,0.93,0.9011,0.2872,13117,0.0,89.6,4.9,0.0,0.8179
783,8429.0,0.8397,0.8698,0.8569,0.774,20546,62.4,6.4,12.4,0.0,0.9002
784,8430.0,0.9198,0.941,0.9103,0.6744,20365,91.9,2.0,0.0,0.0,0.942
785,8431.0,0.8246,0.6668,0.8302,0.8692,11511,63.7,16.1,0.0,0.0,0.883
786,8432.0,0.7617,0.3719,0.7918,0.4785,8435,3.6,67.3,0.0,0.0,0.6658
787,8433.0,0.976,0.7724,0.879,0.6167,7520,64.3,25.7,1.2,0.0,0.9186
788,8434.0,0.8486,0.9757,0.9487,0.7039,8928,69.9,28.5,0.0,0.0,0.9377
789,8435.0,0.9883,0.0713,0.8649,0.8741,6966,64.7,24.4,0.3,0.0,0.8403
790,8436.0,0.8157,0.6563,0.9189,0.6004,9594,87.4,6.1,0.3,0.0,0.8001
791,8437.0,0.3019,0.273,0.5499,0.4423,5841,2.6,21.5,7.5,0.0,0.3357
792,8438.0,0.875,0.8369,0.8133,0.0983,9032,57.2,14.6,4.7,0.0,0.6732
793,8439.0,0.7841,0.5141,0.8993,0.8931,15401,87.7,2.5,2.2,0.3,0.8587
794,8357.0,0.6935,0.5114,0.9146,0.703,3146,94.1,1.0,0.0,0.2,0.734
795,8414.0,0.9499,0.6778,0.9103,0.9653,6685,78.6,17.3,0.0,0.0,0.976
